anio,mes,edad,joven_18_24,experiencia_anios,actividad,iperc,acto_subestandar,condicion_subestandar,epp_conforme,preuso_conforme,controles_conformes,incidente_previo,temporada_ilustrativa,evento,accidente_simulado,incidente_simulado
2021,1,20,1,2,Manipulación de perfiles,1,0,1,0,1,1,0,1,0,0,0
2021,1,29,0,3,Soldadura,2,0,1,1,1,0,0,1,0,0,0
2021,1,39,0,17,Montaje,3,0,0,1,1,0,0,1,1,0,1
2021,1,50,0,13,Montaje,1,0,0,1,1,0,0,1,0,0,0
2021,1,27,0,14,Manipulación de perfiles,1,0,0,1,1,1,1,1,0,0,0
2021,1,30,0,9,Montaje,3,0,0,1,0,1,0,1,0,0,0
2021,1,41,0,17,Manipulación de perfiles,1,1,1,1,1,0,0,1,0,0,0
2021,1,37,0,1,Trabajo en altura,3,0,1,1,1,1,0,1,0,0,0
2021,1,21,1,2,Soldadura,2,1,1,1,0,1,0,1,0,0,0
2021,1,39,0,15,Montaje,1,0,0,0,1,1,1,1,0,0,0
2021,1,24,1,2,Corte y esmerilado,1,0,0,1,1,1,1,1,0,0,0
2021,1,54,0,16,Montaje,3,0,0,1,1,1,0,1,0,0,0
2021,1,24,1,1,Manipulación de perfiles,2,1,1,1,1,1,0,1,0,0,0
2021,1,25,0,2,Soldadura,2,0,0,1,1,0,0,1,0,0,0
2021,1,20,1,2,Soldadura,3,0,0,1,1,1,0,1,0,0,0
2021,1,27,0,14,Montaje,3,0,0,0,1,1,0,1,0,0,0
2021,1,44,0,13,Soldadura,1,1,1,0,1,1,0,1,0,0,0
2021,1,42,0,5,Manipulación de perfiles,2,0,0,1,1,0,0,1,0,0,0
2021,1,19,1,0,Trabajo en altura,3,0,1,1,1,0,0,1,0,0,0
2021,1,45,0,10,Manipulación de perfiles,3,1,1,1,1,1,0,1,1,1,0
2021,1,35,0,6,Corte y esmerilado,3,0,1,1,1,1,0,1,0,0,0
2021,1,33,0,9,Corte y esmerilado,3,0,1,0,1,1,0,1,0,0,0
2021,1,30,0,17,Corte y esmerilado,3,1,1,1,1,1,1,1,0,0,0
2021,1,39,0,7,Soldadura,3,0,0,1,0,1,0,1,0,0,0
2021,1,54,0,6,Montaje,3,0,1,1,1,1,0,1,0,0,0
2021,1,18,1,2,Trabajo en altura,3,0,0,1,1,1,0,1,0,0,0
2021,1,18,1,1,Trabajo en altura,2,0,1,1,0,0,0,1,0,0,0
2021,1,52,0,13,Soldadura,3,0,0,1,1,0,0,1,0,0,0
2021,1,41,0,2,Corte y esmerilado,1,1,0,1,1,1,0,1,1,0,1
2021,1,19,1,1,Manipulación de perfiles,1,1,0,1,1,1,0,1,0,0,0
2021,1,32,0,7,Manipulación de perfiles,2,1,0,1,1,1,1,1,1,0,1
2021,1,27,0,12,Soldadura,2,0,0,1,1,1,0,1,0,0,0
2021,1,18,1,2,Montaje,2,0,0,1,1,0,0,1,0,0,0
2021,1,48,0,14,Trabajo en altura,2,1,0,1,0,0,0,1,0,0,0
2021,1,18,1,2,Manipulación de perfiles,3,0,1,0,1,1,0,1,0,0,0
2021,1,40,0,11,Montaje,2,1,0,1,1,1,0,1,0,0,0
2021,1,22,1,1,Corte y esmerilado,1,0,0,1,1,1,1,1,0,0,0
2021,1,32,0,6,Montaje,2,0,1,1,1,1,0,1,0,0,0
2021,1,38,0,17,Trabajo en altura,2,0,0,1,0,1,1,1,0,0,0
2021,1,30,0,7,Corte y esmerilado,1,1,0,1,1,0,1,1,0,0,0
2021,2,42,0,3,Trabajo en altura,2,0,1,1,1,1,0,1,0,0,0
2021,2,51,0,12,Manipulación de perfiles,3,1,1,1,0,1,0,1,0,0,0
2021,2,36,0,12,Corte y esmerilado,2,0,1,1,1,0,0,1,1,0,1
2021,2,22,1,2,Trabajo en altura,3,0,0,1,1,1,0,1,0,0,0
2021,2,21,1,1,Manipulación de perfiles,3,1,1,1,0,0,0,1,0,0,0
2021,2,56,0,12,Manipulación de perfiles,3,1,1,1,1,1,0,1,0,0,0
2021,2,56,0,7,Manipulación de perfiles,2,1,1,0,1,1,0,1,0,0,0
2021,2,41,0,15,Corte y esmerilado,3,0,0,0,1,1,1,1,0,0,0
2021,2,51,0,14,Montaje,3,0,0,1,1,0,0,1,0,0,0
2021,2,24,1,1,Corte y esmerilado,2,0,1,1,1,1,0,1,0,0,0
2021,2,45,0,3,Montaje,3,0,0,1,0,1,0,1,0,0,0
2021,2,18,1,1,Trabajo en altura,1,0,0,1,1,1,0,1,0,0,0
2021,2,26,0,15,Trabajo en altura,3,1,0,1,1,1,0,1,0,0,0
2021,2,47,0,8,Corte y esmerilado,3,1,0,1,1,1,0,1,0,0,0
2021,2,52,0,10,Manipulación de perfiles,1,1,1,0,1,1,0,1,0,0,0
2021,2,25,0,5,Corte y esmerilado,2,0,0,0,1,1,0,1,0,0,0
2021,2,27,0,10,Manipulación de perfiles,1,0,1,1,1,1,0,1,0,0,0
2021,2,22,1,0,Trabajo en altura,1,1,0,0,1,1,1,1,0,0,0
2021,2,54,0,5,Soldadura,2,1,0,1,1,1,0,1,0,0,0
2021,2,34,0,16,Corte y esmerilado,3,0,1,1,0,0,0,1,0,0,0
2021,2,29,0,15,Montaje,3,0,0,1,1,0,0,1,0,0,0
2021,2,39,0,2,Manipulación de perfiles,2,1,0,1,1,1,0,1,0,0,0
2021,2,25,0,16,Trabajo en altura,2,1,0,1,0,1,0,1,0,0,0
2021,2,33,0,8,Corte y esmerilado,2,0,0,1,1,1,0,1,0,0,0
2021,2,20,1,0,Manipulación de perfiles,1,0,1,1,1,0,0,1,0,0,0
2021,2,53,0,12,Soldadura,2,0,1,1,1,1,0,1,0,0,0
2021,2,44,0,8,Montaje,2,1,1,1,1,0,1,1,1,0,1
2021,2,39,0,8,Montaje,2,1,1,1,1,1,0,1,0,0,0
2021,2,19,1,2,Soldadura,1,0,0,1,1,1,0,1,0,0,0
2021,2,29,0,15,Soldadura,2,1,0,1,1,0,0,1,0,0,0
2021,2,49,0,6,Montaje,3,0,0,1,1,1,0,1,0,0,0
2021,2,52,0,8,Trabajo en altura,2,1,0,0,1,1,0,1,0,0,0
2021,2,33,0,15,Soldadura,2,0,1,1,0,1,0,1,0,0,0
2021,2,21,1,0,Manipulación de perfiles,3,1,0,1,1,1,0,1,0,0,0
2021,2,36,0,8,Manipulación de perfiles,3,0,0,1,1,1,0,1,0,0,0
2021,2,48,0,3,Trabajo en altura,2,1,0,1,1,1,0,1,0,0,0
2021,2,23,1,1,Trabajo en altura,2,1,0,1,0,1,0,1,0,0,0
2021,2,32,0,16,Manipulación de perfiles,1,0,0,0,1,0,1,1,0,0,0
2021,2,18,1,2,Manipulación de perfiles,3,0,1,1,1,1,0,1,0,0,0
2021,2,25,0,15,Soldadura,3,0,1,0,1,1,0,1,0,0,0
2021,3,18,1,1,Soldadura,2,1,0,1,1,1,0,0,0,0,0
2021,3,22,1,1,Soldadura,3,1,0,1,0,1,0,0,0,0,0
2021,3,49,0,17,Manipulación de perfiles,1,1,1,0,1,1,0,0,0,0,0
2021,3,23,1,2,Montaje,1,1,0,1,1,1,0,0,0,0,0
2021,3,30,0,4,Trabajo en altura,3,0,0,1,0,1,0,0,0,0,0
2021,3,18,1,2,Montaje,2,1,1,1,1,1,0,0,0,0,0
2021,3,21,1,2,Trabajo en altura,2,1,0,0,1,1,0,0,0,0,0
2021,3,49,0,1,Manipulación de perfiles,3,0,0,1,0,1,1,0,0,0,0
2021,3,20,1,1,Soldadura,1,1,1,1,1,1,0,0,0,0,0
2021,3,39,0,13,Manipulación de perfiles,3,0,0,1,1,1,0,0,0,0,0
2021,3,29,0,4,Soldadura,1,1,0,1,1,1,0,0,0,0,0
2021,3,53,0,17,Trabajo en altura,2,0,0,1,1,0,0,0,0,0,0
2021,3,51,0,14,Soldadura,1,0,0,1,1,0,0,0,0,0,0
2021,3,39,0,3,Trabajo en altura,3,0,0,1,1,1,0,0,0,0,0
2021,3,54,0,9,Corte y esmerilado,1,0,1,1,0,1,0,0,0,0,0
2021,3,53,0,7,Soldadura,2,0,0,1,1,1,0,0,0,0,0
2021,3,18,1,1,Montaje,1,0,0,1,1,0,0,0,0,0,0
2021,3,30,0,10,Manipulación de perfiles,1,0,1,1,1,1,0,0,0,0,0
2021,3,21,1,0,Corte y esmerilado,3,0,0,1,0,0,0,0,0,0,0
2021,3,32,0,6,Manipulación de perfiles,1,0,0,1,1,1,0,0,0,0,0
2021,3,27,0,17,Soldadura,2,0,1,0,1,1,0,0,0,0,0
2021,3,39,0,10,Montaje,1,0,1,0,1,0,0,0,0,0,0
2021,3,56,0,10,Montaje,2,0,0,1,1,1,0,0,0,0,0
2021,3,38,0,16,Trabajo en altura,2,0,0,1,1,1,1,0,0,0,0
2021,3,22,1,0,Montaje,3,0,0,0,0,1,1,0,0,0,0
2021,3,20,1,1,Corte y esmerilado,2,0,0,1,1,1,1,0,0,0,0
2021,3,44,0,2,Corte y esmerilado,3,1,0,1,1,0,0,0,0,0,0
2021,3,19,1,0,Corte y esmerilado,1,1,0,1,1,0,0,0,0,0,0
2021,3,21,1,0,Montaje,1,0,0,1,0,1,0,0,0,0,0
2021,3,19,1,1,Montaje,2,0,1,1,1,1,0,0,0,0,0
2021,3,28,0,4,Trabajo en altura,1,0,1,1,1,0,1,0,0,0,0
2021,3,40,0,11,Soldadura,3,1,0,1,1,1,0,0,0,0,0
2021,3,19,1,2,Montaje,1,0,0,1,1,1,1,0,0,0,0
2021,3,54,0,8,Trabajo en altura,1,0,0,1,1,0,0,0,0,0,0
2021,3,44,0,8,Trabajo en altura,1,0,0,1,1,1,0,0,0,0,0
2021,3,42,0,5,Trabajo en altura,2,0,0,1,1,1,1,0,0,0,0
2021,3,30,0,13,Corte y esmerilado,1,1,0,1,1,0,0,0,0,0,0
2021,3,23,1,1,Manipulación de perfiles,1,1,0,1,0,1,0,0,0,0,0
2021,3,21,1,1,Trabajo en altura,3,0,0,0,0,1,0,0,0,0,0
2021,3,31,0,16,Corte y esmerilado,3,0,1,1,1,0,0,0,0,0,0
2021,4,55,0,10,Montaje,2,1,0,1,0,1,0,0,0,0,0
2021,4,21,1,0,Soldadura,2,0,0,0,1,1,0,0,0,0,0
2021,4,29,0,9,Corte y esmerilado,2,0,0,1,1,0,1,0,0,0,0
2021,4,52,0,7,Soldadura,1,0,1,1,1,1,0,0,0,0,0
2021,4,36,0,17,Corte y esmerilado,3,0,0,1,0,1,0,0,0,0,0
2021,4,55,0,17,Soldadura,1,0,0,1,1,0,1,0,0,0,0
2021,4,35,0,14,Montaje,3,0,0,0,1,1,1,0,0,0,0
2021,4,29,0,8,Trabajo en altura,2,0,0,1,1,1,0,0,0,0,0
2021,4,22,1,0,Montaje,3,0,0,1,1,1,1,0,0,0,0
2021,4,27,0,10,Soldadura,2,0,1,1,1,0,0,0,0,0,0
2021,4,45,0,3,Soldadura,3,0,1,1,1,1,0,0,0,0,0
2021,4,57,0,16,Soldadura,3,0,1,1,0,1,1,0,0,0,0
2021,4,42,0,17,Montaje,1,0,0,1,1,0,0,0,0,0,0
2021,4,53,0,17,Trabajo en altura,1,1,0,0,0,0,0,0,0,0,0
2021,4,36,0,1,Manipulación de perfiles,2,1,1,1,0,1,0,0,0,0,0
2021,4,21,1,0,Montaje,2,0,0,1,1,1,0,0,0,0,0
2021,4,37,0,8,Corte y esmerilado,2,0,0,1,0,1,0,0,0,0,0
2021,4,32,0,1,Trabajo en altura,2,0,1,1,1,1,1,0,0,0,0
2021,4,50,0,7,Montaje,3,0,0,1,1,1,0,0,0,0,0
2021,4,49,0,6,Corte y esmerilado,2,0,1,1,1,1,1,0,0,0,0
2021,4,19,1,2,Montaje,2,0,0,1,1,1,0,0,0,0,0
2021,4,57,0,5,Corte y esmerilado,3,0,0,1,1,0,0,0,0,0,0
2021,4,19,1,0,Manipulación de perfiles,2,0,0,1,1,0,1,0,0,0,0
2021,4,27,0,5,Manipulación de perfiles,3,1,1,1,1,1,0,0,0,0,0
2021,4,24,1,0,Trabajo en altura,3,0,0,0,1,1,0,0,0,0,0
2021,4,29,0,10,Trabajo en altura,3,0,0,1,1,1,0,0,0,0,0
2021,4,49,0,5,Montaje,2,0,0,1,0,1,0,0,0,0,0
2021,4,42,0,5,Trabajo en altura,1,0,0,1,1,1,1,0,0,0,0
2021,4,27,0,11,Corte y esmerilado,3,0,1,1,1,1,0,0,0,0,0
2021,4,48,0,7,Manipulación de perfiles,1,1,0,1,1,0,0,0,0,0,0
2021,4,28,0,6,Manipulación de perfiles,2,0,0,1,0,1,0,0,0,0,0
2021,4,53,0,1,Montaje,2,1,0,0,1,1,0,0,0,0,0
2021,4,54,0,1,Soldadura,3,0,0,1,0,0,0,0,0,0,0
2021,4,27,0,4,Corte y esmerilado,2,0,1,1,1,1,0,0,0,0,0
2021,4,34,0,6,Montaje,2,0,1,1,1,1,0,0,0,0,0
2021,4,22,1,1,Soldadura,1,0,1,1,1,0,0,0,0,0,0
2021,4,23,1,0,Montaje,2,0,0,0,0,1,0,0,0,0,0
2021,4,26,0,4,Trabajo en altura,3,0,0,1,1,1,0,0,0,0,0
2021,4,42,0,7,Montaje,2,0,0,1,1,1,0,0,0,0,0
2021,4,41,0,16,Soldadura,3,0,0,0,1,1,0,0,0,0,0
2021,5,22,1,1,Manipulación de perfiles,3,0,1,1,1,0,0,0,0,0,0
2021,5,18,1,1,Manipulación de perfiles,3,1,0,1,1,0,0,0,1,0,1
2021,5,22,1,2,Trabajo en altura,2,0,0,1,1,0,0,0,0,0,0
2021,5,19,1,0,Soldadura,1,1,1,0,0,1,1,0,0,0,0
2021,5,55,0,7,Trabajo en altura,2,1,1,1,0,1,0,0,0,0,0
2021,5,20,1,1,Soldadura,2,0,1,0,1,0,0,0,0,0,0
2021,5,31,0,13,Corte y esmerilado,3,1,1,1,0,1,0,0,0,0,0
2021,5,31,0,9,Montaje,1,0,0,1,1,1,0,0,0,0,0
2021,5,56,0,14,Manipulación de perfiles,2,0,1,1,1,1,0,0,0,0,0
2021,5,39,0,17,Montaje,2,0,0,1,0,1,0,0,0,0,0
2021,5,40,0,4,Soldadura,1,0,1,1,0,1,0,0,0,0,0
2021,5,39,0,15,Manipulación de perfiles,1,0,0,1,1,1,0,0,0,0,0
2021,5,33,0,7,Montaje,1,0,0,1,1,1,0,0,0,0,0
2021,5,50,0,11,Manipulación de perfiles,1,0,1,1,1,1,0,0,0,0,0
2021,5,35,0,13,Trabajo en altura,2,0,0,0,1,1,0,0,0,0,0
2021,5,26,0,12,Corte y esmerilado,1,0,1,1,1,1,0,0,0,0,0
2021,5,18,1,2,Corte y esmerilado,1,1,1,1,1,0,1,0,0,0,0
2021,5,19,1,1,Soldadura,3,1,1,1,1,0,0,0,0,0,0
2021,5,18,1,2,Corte y esmerilado,3,1,0,1,1,1,0,0,0,0,0
2021,5,29,0,9,Montaje,1,0,0,1,1,1,0,0,0,0,0
2021,5,21,1,0,Corte y esmerilado,2,1,0,1,0,1,0,0,0,0,0
2021,5,55,0,10,Trabajo en altura,1,0,0,1,1,0,1,0,0,0,0
2021,5,50,0,16,Trabajo en altura,1,1,0,1,1,1,0,0,0,0,0
2021,5,39,0,7,Manipulación de perfiles,3,0,0,0,1,0,1,0,0,0,0
2021,5,38,0,7,Soldadura,1,1,1,1,1,1,1,0,0,0,0
2021,5,18,1,0,Corte y esmerilado,2,1,1,0,0,1,0,0,0,0,0
2021,5,38,0,10,Trabajo en altura,3,1,0,1,1,0,0,0,0,0,0
2021,5,56,0,17,Montaje,3,1,0,1,1,1,1,0,0,0,0
2021,5,39,0,15,Manipulación de perfiles,2,0,1,1,1,1,0,0,0,0,0
2021,5,21,1,0,Corte y esmerilado,2,1,0,1,1,1,0,0,0,0,0
2021,5,45,0,8,Corte y esmerilado,3,1,1,1,1,0,0,0,0,0,0
2021,5,37,0,1,Soldadura,2,0,0,1,1,1,0,0,0,0,0
2021,5,22,1,0,Soldadura,1,0,0,1,1,1,0,0,0,0,0
2021,5,31,0,2,Montaje,3,0,0,1,1,1,0,0,0,0,0
2021,5,25,0,7,Soldadura,3,1,0,1,1,1,0,0,0,0,0
2021,5,57,0,8,Soldadura,1,0,0,1,1,1,1,0,0,0,0
2021,5,47,0,17,Manipulación de perfiles,2,0,1,0,1,0,1,0,0,0,0
2021,5,23,1,0,Manipulación de perfiles,3,0,0,1,1,1,0,0,0,0,0
2021,5,21,1,0,Soldadura,2,0,0,1,0,1,0,0,0,0,0
2021,5,46,0,6,Soldadura,3,0,0,1,1,1,0,0,1,0,1
2021,6,48,0,14,Montaje,2,1,0,1,1,1,0,0,0,0,0
2021,6,53,0,7,Manipulación de perfiles,3,1,0,1,1,1,0,0,0,0,0
2021,6,48,0,13,Corte y esmerilado,1,1,1,1,1,1,0,0,0,0,0
2021,6,45,0,9,Manipulación de perfiles,2,0,1,1,1,1,0,0,0,0,0
2021,6,47,0,6,Soldadura,1,1,1,1,1,1,0,0,0,0,0
2021,6,30,0,14,Manipulación de perfiles,2,1,1,1,1,1,0,0,0,0,0
2021,6,21,1,1,Soldadura,3,0,0,1,1,1,0,0,0,0,0
2021,6,19,1,0,Soldadura,3,0,0,1,1,1,0,0,0,0,0
2021,6,46,0,13,Manipulación de perfiles,2,0,0,1,0,0,0,0,0,0,0
2021,6,23,1,2,Soldadura,3,0,1,1,0,1,0,0,0,0,0
2021,6,20,1,2,Corte y esmerilado,2,0,0,1,0,1,0,0,0,0,0
2021,6,44,0,1,Corte y esmerilado,2,0,1,1,1,0,0,0,0,0,0
2021,6,42,0,5,Montaje,3,0,0,1,1,1,1,0,0,0,0
2021,6,56,0,15,Corte y esmerilado,1,1,1,1,1,1,1,0,0,0,0
2021,6,50,0,15,Trabajo en altura,3,1,1,0,1,1,0,0,0,0,0
2021,6,19,1,2,Trabajo en altura,1,0,1,1,1,1,0,0,0,0,0
2021,6,47,0,3,Montaje,3,0,0,0,1,0,0,0,0,0,0
2021,6,21,1,1,Manipulación de perfiles,3,0,1,1,1,1,0,0,0,0,0
2021,6,30,0,9,Soldadura,2,0,0,1,1,1,0,0,0,0,0
2021,6,19,1,0,Montaje,2,0,1,1,1,0,0,0,0,0,0
2021,6,25,0,11,Soldadura,1,0,1,1,1,1,0,0,0,0,0
2021,6,30,0,5,Trabajo en altura,2,0,0,1,1,1,1,0,0,0,0
2021,6,27,0,9,Corte y esmerilado,2,0,0,1,1,1,0,0,0,0,0
2021,6,30,0,1,Montaje,3,0,0,0,0,1,0,0,1,0,1
2021,6,23,1,0,Manipulación de perfiles,3,0,1,1,0,1,0,0,0,0,0
2021,6,28,0,14,Corte y esmerilado,1,0,0,1,1,1,0,0,0,0,0
2021,6,53,0,8,Manipulación de perfiles,3,0,1,1,1,1,1,0,0,0,0
2021,6,57,0,4,Trabajo en altura,1,1,0,1,0,1,0,0,0,0,0
2021,6,39,0,14,Manipulación de perfiles,1,0,1,1,0,1,0,0,0,0,0
2021,6,42,0,2,Soldadura,2,0,0,1,0,1,0,0,0,0,0
2021,6,23,1,2,Corte y esmerilado,1,0,0,1,1,0,0,0,0,0,0
2021,6,38,0,1,Soldadura,1,0,0,0,1,1,0,0,0,0,0
2021,6,37,0,11,Corte y esmerilado,3,1,0,1,1,1,0,0,0,0,0
2021,6,28,0,11,Montaje,3,1,1,1,1,0,0,0,1,0,1
2021,6,20,1,2,Corte y esmerilado,3,0,1,0,1,1,0,0,0,0,0
2021,6,48,0,2,Trabajo en altura,1,0,0,1,1,1,0,0,0,0,0
2021,6,27,0,17,Soldadura,3,0,1,1,1,1,0,0,0,0,0
2021,6,22,1,0,Manipulación de perfiles,1,0,1,1,0,0,0,0,0,0,0
2021,6,22,1,2,Soldadura,3,0,0,0,1,1,0,0,0,0,0
2021,6,45,0,1,Soldadura,3,0,1,1,1,1,0,0,0,0,0
2021,7,21,1,1,Montaje,1,0,1,1,1,0,0,0,0,0,0
2021,7,24,1,2,Montaje,1,0,1,1,1,0,1,0,0,0,0
2021,7,54,0,2,Soldadura,3,0,0,1,1,1,0,0,0,0,0
2021,7,23,1,2,Montaje,1,1,0,1,0,0,0,0,0,0,0
2021,7,26,0,16,Corte y esmerilado,3,1,1,1,1,0,0,0,0,0,0
2021,7,19,1,2,Corte y esmerilado,3,0,0,1,1,1,0,0,0,0,0
2021,7,31,0,14,Montaje,3,0,0,1,0,1,0,0,0,0,0
2021,7,39,0,4,Corte y esmerilado,1,1,0,1,1,1,0,0,0,0,0
2021,7,35,0,4,Corte y esmerilado,2,0,1,0,1,1,0,0,1,0,1
2021,7,27,0,6,Soldadura,2,0,0,1,1,0,0,0,0,0,0
2021,7,57,0,13,Corte y esmerilado,2,1,0,1,1,1,0,0,0,0,0
2021,7,27,0,14,Trabajo en altura,3,1,0,0,1,1,1,0,0,0,0
2021,7,50,0,6,Corte y esmerilado,2,0,0,1,1,1,1,0,0,0,0
2021,7,55,0,14,Corte y esmerilado,3,0,0,0,1,0,0,0,0,0,0
2021,7,34,0,16,Trabajo en altura,2,0,1,0,1,0,1,0,0,0,0
2021,7,27,0,11,Soldadura,3,0,0,1,1,0,0,0,0,0,0
2021,7,28,0,10,Trabajo en altura,2,1,0,1,1,1,0,0,0,0,0
2021,7,43,0,17,Corte y esmerilado,1,0,0,1,1,0,1,0,0,0,0
2021,7,21,1,2,Montaje,2,0,1,1,1,1,1,0,0,0,0
2021,7,57,0,16,Montaje,1,0,1,1,1,1,0,0,0,0,0
2021,7,26,0,9,Soldadura,3,0,0,1,1,0,1,0,0,0,0
2021,7,48,0,11,Manipulación de perfiles,2,0,1,1,1,0,0,0,0,0,0
2021,7,27,0,5,Manipulación de perfiles,3,0,1,1,1,1,0,0,0,0,0
2021,7,50,0,2,Soldadura,2,1,1,1,1,1,0,0,0,0,0
2021,7,19,1,2,Corte y esmerilado,2,0,1,1,0,1,1,0,1,0,1
2021,7,20,1,1,Montaje,1,0,0,1,1,1,0,0,0,0,0
2021,7,35,0,9,Soldadura,3,0,1,1,1,1,1,0,0,0,0
2021,7,36,0,16,Trabajo en altura,1,1,0,1,1,1,0,0,0,0,0
2021,7,24,1,2,Soldadura,1,1,0,1,1,1,0,0,0,0,0
2021,7,24,1,1,Corte y esmerilado,2,0,0,1,1,0,0,0,0,0,0
2021,7,33,0,13,Corte y esmerilado,1,1,1,1,1,0,0,0,0,0,0
2021,7,38,0,3,Manipulación de perfiles,1,0,1,1,1,1,0,0,0,0,0
2021,7,35,0,16,Manipulación de perfiles,3,1,0,1,0,1,0,0,0,0,0
2021,7,26,0,12,Manipulación de perfiles,3,0,0,1,1,1,0,0,0,0,0
2021,7,49,0,16,Trabajo en altura,1,1,0,1,0,1,1,0,0,0,0
2021,7,35,0,10,Corte y esmerilado,2,0,1,1,1,0,0,0,0,0,0
2021,7,24,1,2,Montaje,3,1,1,1,1,1,0,0,0,0,0
2021,7,23,1,0,Manipulación de perfiles,2,1,1,1,1,1,0,0,0,0,0
2021,7,33,0,2,Corte y esmerilado,3,0,0,1,1,1,0,0,0,0,0
2021,7,21,1,1,Trabajo en altura,3,0,0,1,0,1,0,0,0,0,0
2021,8,48,0,3,Montaje,1,1,1,1,1,1,0,0,0,0,0
2021,8,48,0,3,Corte y esmerilado,2,1,0,0,0,1,0,0,0,0,0
2021,8,54,0,10,Soldadura,3,0,1,1,0,1,0,0,0,0,0
2021,8,49,0,5,Corte y esmerilado,1,0,0,1,1,1,0,0,0,0,0
2021,8,26,0,15,Montaje,1,0,0,1,1,1,0,0,0,0,0
2021,8,22,1,1,Soldadura,2,0,0,1,1,1,0,0,0,0,0
2021,8,19,1,2,Corte y esmerilado,1,0,1,1,1,1,0,0,0,0,0
2021,8,31,0,17,Trabajo en altura,2,0,1,1,1,0,0,0,0,0,0
2021,8,32,0,4,Soldadura,3,0,0,1,1,1,0,0,0,0,0
2021,8,23,1,2,Montaje,3,1,0,1,1,1,0,0,0,0,0
2021,8,42,0,3,Manipulación de perfiles,3,1,1,1,1,1,1,0,1,1,0
2021,8,18,1,0,Manipulación de perfiles,3,0,0,1,1,1,0,0,0,0,0
2021,8,38,0,6,Soldadura,1,0,1,1,1,1,0,0,0,0,0
2021,8,56,0,16,Montaje,2,0,0,1,1,1,1,0,0,0,0
2021,8,53,0,7,Trabajo en altura,1,1,0,1,1,1,0,0,0,0,0
2021,8,20,1,2,Manipulación de perfiles,3,0,0,1,1,0,0,0,0,0,0
2021,8,26,0,7,Corte y esmerilado,3,1,1,1,1,1,1,0,1,1,0
2021,8,30,0,14,Montaje,1,0,0,0,1,1,0,0,0,0,0
2021,8,21,1,0,Montaje,3,0,0,1,1,0,0,0,0,0,0
2021,8,30,0,4,Montaje,3,1,1,1,1,0,1,0,0,0,0
2021,8,25,0,4,Manipulación de perfiles,2,1,0,1,0,1,0,0,0,0,0
2021,8,42,0,3,Corte y esmerilado,1,0,0,1,1,1,1,0,0,0,0
2021,8,49,0,13,Montaje,2,0,0,1,1,1,0,0,0,0,0
2021,8,27,0,7,Soldadura,2,0,0,0,1,1,0,0,0,0,0
2021,8,33,0,12,Manipulación de perfiles,2,0,1,1,1,1,0,0,0,0,0
2021,8,26,0,8,Montaje,1,0,1,1,1,1,0,0,0,0,0
2021,8,34,0,16,Soldadura,1,0,0,1,1,1,0,0,0,0,0
2021,8,21,1,1,Trabajo en altura,2,1,0,1,1,1,0,0,0,0,0
2021,8,20,1,0,Trabajo en altura,2,0,1,1,1,0,0,0,0,0,0
2021,8,23,1,1,Soldadura,1,0,0,1,1,0,0,0,0,0,0
2021,8,45,0,14,Soldadura,3,0,0,1,0,0,0,0,0,0,0
2021,8,23,1,2,Trabajo en altura,2,1,1,1,0,1,0,0,0,0,0
2021,8,37,0,17,Corte y esmerilado,1,0,1,1,0,0,0,0,0,0,0
2021,8,23,1,1,Trabajo en altura,2,0,1,1,0,0,0,0,1,0,1
2021,8,23,1,1,Trabajo en altura,1,0,0,1,1,1,0,0,0,0,0
2021,8,37,0,10,Soldadura,2,0,0,1,0,1,0,0,0,0,0
2021,8,34,0,15,Trabajo en altura,1,1,0,1,0,1,0,0,0,0,0
2021,8,28,0,5,Manipulación de perfiles,3,0,0,1,1,0,0,0,0,0,0
2021,8,55,0,12,Manipulación de perfiles,3,1,1,0,1,0,1,0,1,0,1
2021,8,22,1,1,Soldadura,1,0,0,1,1,1,0,0,0,0,0
2021,9,47,0,4,Montaje,1,1,1,1,1,0,0,0,0,0,0
2021,9,35,0,13,Corte y esmerilado,3,0,1,1,0,1,0,0,0,0,0
2021,9,50,0,16,Corte y esmerilado,3,1,1,1,0,1,0,0,0,0,0
2021,9,50,0,5,Montaje,1,0,1,1,0,1,1,0,0,0,0
2021,9,53,0,12,Trabajo en altura,2,1,0,1,1,0,0,0,0,0,0
2021,9,27,0,2,Montaje,1,1,1,1,0,1,0,0,0,0,0
2021,9,51,0,3,Montaje,1,0,0,1,1,1,1,0,0,0,0
2021,9,42,0,6,Montaje,3,1,1,1,1,0,0,0,0,0,0
2021,9,22,1,2,Corte y esmerilado,3,0,1,1,1,1,0,0,0,0,0
2021,9,50,0,1,Soldadura,3,1,0,1,1,0,0,0,0,0,0
2021,9,19,1,0,Montaje,1,1,0,1,1,1,0,0,0,0,0
2021,9,45,0,8,Soldadura,2,0,1,1,0,0,0,0,0,0,0
2021,9,34,0,10,Corte y esmerilado,2,0,1,0,1,1,0,0,0,0,0
2021,9,22,1,2,Trabajo en altura,1,0,0,1,1,1,1,0,0,0,0
2021,9,44,0,4,Manipulación de perfiles,2,0,0,1,1,1,0,0,0,0,0
2021,9,31,0,6,Montaje,1,0,1,1,1,1,1,0,0,0,0
2021,9,45,0,8,Soldadura,3,0,1,1,1,1,0,0,0,0,0
2021,9,19,1,0,Soldadura,1,0,1,1,0,1,1,0,0,0,0
2021,9,31,0,15,Trabajo en altura,2,0,0,1,1,1,0,0,0,0,0
2021,9,26,0,14,Manipulación de perfiles,3,0,1,1,1,0,0,0,0,0,0
2021,9,41,0,7,Corte y esmerilado,1,0,1,1,0,0,1,0,0,0,0
2021,9,33,0,14,Montaje,3,1,1,1,1,1,1,0,0,0,0
2021,9,36,0,11,Corte y esmerilado,1,1,0,1,1,1,0,0,0,0,0
2021,9,37,0,14,Manipulación de perfiles,1,1,1,1,1,1,0,0,0,0,0
2021,9,23,1,1,Trabajo en altura,3,1,0,1,1,1,0,0,0,0,0
2021,9,34,0,9,Manipulación de perfiles,3,1,1,1,1,1,0,0,0,0,0
2021,9,43,0,9,Corte y esmerilado,2,0,0,1,1,0,1,0,0,0,0
2021,9,51,0,6,Manipulación de perfiles,3,1,1,0,1,1,1,0,0,0,0
2021,9,19,1,0,Montaje,3,0,0,1,1,1,0,0,0,0,0
2021,9,33,0,4,Montaje,1,0,0,0,0,0,0,0,1,1,0
2021,9,54,0,16,Manipulación de perfiles,3,0,0,1,1,1,1,0,1,0,1
2021,9,37,0,10,Trabajo en altura,3,0,1,1,1,1,0,0,0,0,0
2021,9,20,1,0,Corte y esmerilado,1,0,1,1,1,1,0,0,0,0,0
2021,9,53,0,13,Trabajo en altura,2,1,1,1,1,0,1,0,0,0,0
2021,9,20,1,1,Manipulación de perfiles,2,1,0,1,0,1,0,0,0,0,0
2021,9,30,0,17,Trabajo en altura,2,0,0,1,1,1,1,0,0,0,0
2021,9,27,0,3,Manipulación de perfiles,2,1,1,1,0,0,1,0,0,0,0
2021,9,24,1,1,Manipulación de perfiles,1,0,0,1,0,1,1,0,0,0,0
2021,9,31,0,9,Montaje,1,0,0,1,1,1,1,0,0,0,0
2021,9,54,0,11,Soldadura,2,0,0,1,1,0,0,0,0,0,0
2021,10,51,0,3,Soldadura,2,1,0,1,1,1,1,0,0,0,0
2021,10,18,1,2,Soldadura,3,0,1,1,1,0,0,0,0,0,0
2021,10,25,0,11,Montaje,3,0,1,1,1,1,1,0,0,0,0
2021,10,18,1,0,Trabajo en altura,1,0,0,1,0,1,0,0,0,0,0
2021,10,23,1,2,Corte y esmerilado,2,1,0,1,1,1,1,0,0,0,0
2021,10,41,0,12,Corte y esmerilado,1,0,0,1,1,1,0,0,0,0,0
2021,10,22,1,1,Trabajo en altura,1,0,0,1,1,1,0,0,0,0,0
2021,10,50,0,12,Corte y esmerilado,2,0,1,0,0,1,0,0,0,0,0
2021,10,23,1,2,Trabajo en altura,3,0,1,1,1,1,0,0,0,0,0
2021,10,32,0,6,Corte y esmerilado,3,0,0,1,1,1,0,0,0,0,0
2021,10,51,0,5,Manipulación de perfiles,3,0,0,1,0,0,0,0,0,0,0
2021,10,18,1,1,Corte y esmerilado,3,0,1,1,1,1,0,0,0,0,0
2021,10,54,0,3,Corte y esmerilado,2,0,0,1,1,0,0,0,0,0,0
2021,10,39,0,17,Trabajo en altura,3,1,0,1,0,1,0,0,0,0,0
2021,10,29,0,13,Montaje,3,0,1,1,0,1,0,0,1,1,0
2021,10,22,1,1,Soldadura,2,0,0,1,1,1,0,0,0,0,0
2021,10,25,0,9,Manipulación de perfiles,3,1,0,1,1,1,0,0,0,0,0
2021,10,50,0,9,Corte y esmerilado,1,0,1,1,1,1,0,0,0,0,0
2021,10,23,1,2,Manipulación de perfiles,3,0,0,1,0,1,1,0,0,0,0
2021,10,18,1,0,Trabajo en altura,2,1,0,1,1,1,0,0,0,0,0
2021,10,53,0,6,Corte y esmerilado,1,1,0,1,1,1,0,0,0,0,0
2021,10,40,0,2,Soldadura,2,0,0,0,1,0,0,0,0,0,0
2021,10,22,1,0,Trabajo en altura,3,0,1,1,1,0,0,0,0,0,0
2021,10,39,0,13,Corte y esmerilado,2,1,1,1,1,1,0,0,0,0,0
2021,10,53,0,4,Soldadura,2,0,0,1,1,1,0,0,0,0,0
2021,10,46,0,10,Soldadura,2,1,1,1,1,0,0,0,0,0,0
2021,10,21,1,1,Manipulación de perfiles,3,0,1,1,0,1,0,0,0,0,0
2021,10,38,0,2,Montaje,3,0,0,1,1,0,0,0,0,0,0
2021,10,25,0,3,Corte y esmerilado,1,0,0,1,1,1,0,0,0,0,0
2021,10,34,0,13,Trabajo en altura,2,0,0,1,0,1,1,0,0,0,0
2021,10,57,0,2,Corte y esmerilado,1,0,0,1,1,1,1,0,0,0,0
2021,10,18,1,2,Trabajo en altura,1,0,0,1,1,1,1,0,0,0,0
2021,10,48,0,2,Trabajo en altura,3,0,0,0,1,1,0,0,0,0,0
2021,10,48,0,13,Corte y esmerilado,2,0,0,1,0,0,0,0,0,0,0
2021,10,47,0,17,Trabajo en altura,1,1,0,1,1,1,0,0,0,0,0
2021,10,28,0,7,Manipulación de perfiles,1,1,0,1,1,1,0,0,0,0,0
2021,10,18,1,1,Soldadura,1,0,0,1,1,1,0,0,0,0,0
2021,10,47,0,8,Trabajo en altura,1,1,0,1,1,0,1,0,0,0,0
2021,10,23,1,0,Montaje,1,0,0,1,1,1,0,0,0,0,0
2021,10,37,0,5,Montaje,2,1,0,1,1,1,0,0,0,0,0
2021,11,48,0,14,Soldadura,2,1,0,0,1,0,1,1,0,0,0
2021,11,24,1,1,Trabajo en altura,3,0,0,1,1,1,0,1,0,0,0
2021,11,49,0,4,Soldadura,1,0,0,1,1,0,0,1,0,0,0
2021,11,43,0,5,Corte y esmerilado,1,0,0,1,1,0,0,1,0,0,0
2021,11,41,0,6,Corte y esmerilado,2,0,1,1,1,1,0,1,0,0,0
2021,11,25,0,14,Montaje,2,0,1,1,1,1,0,1,0,0,0
2021,11,37,0,6,Trabajo en altura,3,0,1,1,1,0,0,1,0,0,0
2021,11,57,0,16,Trabajo en altura,3,1,0,1,1,1,1,1,0,0,0
2021,11,40,0,14,Corte y esmerilado,1,1,1,1,1,0,0,1,0,0,0
2021,11,41,0,3,Manipulación de perfiles,1,0,0,1,1,1,1,1,0,0,0
2021,11,18,1,2,Manipulación de perfiles,2,0,1,1,0,1,0,1,0,0,0
2021,11,54,0,14,Manipulación de perfiles,3,0,0,1,0,1,1,1,0,0,0
2021,11,19,1,0,Manipulación de perfiles,1,1,1,1,1,1,0,1,0,0,0
2021,11,18,1,1,Trabajo en altura,2,0,0,1,1,1,0,1,0,0,0
2021,11,28,0,15,Trabajo en altura,1,0,0,1,1,0,0,1,0,0,0
2021,11,23,1,1,Trabajo en altura,2,1,0,1,1,1,0,1,0,0,0
2021,11,27,0,4,Corte y esmerilado,3,0,1,1,1,0,0,1,0,0,0
2021,11,21,1,1,Soldadura,2,1,1,1,0,1,1,1,0,0,0
2021,11,24,1,1,Manipulación de perfiles,3,0,1,0,1,1,1,1,0,0,0
2021,11,24,1,0,Montaje,2,0,0,1,1,0,1,1,0,0,0
2021,11,21,1,0,Trabajo en altura,3,1,1,1,1,1,0,1,0,0,0
2021,11,46,0,17,Trabajo en altura,2,0,1,1,0,1,0,1,0,0,0
2021,11,37,0,5,Manipulación de perfiles,1,0,1,1,1,0,0,1,0,0,0
2021,11,48,0,8,Trabajo en altura,2,0,1,1,0,0,0,1,0,0,0
2021,11,20,1,1,Manipulación de perfiles,1,0,0,1,1,1,1,1,0,0,0
2021,11,46,0,15,Trabajo en altura,1,0,1,1,1,0,0,1,0,0,0
2021,11,48,0,2,Trabajo en altura,1,0,1,1,1,1,0,1,0,0,0
2021,11,40,0,17,Manipulación de perfiles,2,1,1,1,1,0,0,1,1,0,1
2021,11,23,1,0,Soldadura,2,1,0,0,1,0,1,1,0,0,0
2021,11,46,0,8,Soldadura,3,0,1,1,1,1,0,1,0,0,0
2021,11,50,0,5,Soldadura,3,0,0,1,0,1,0,1,0,0,0
2021,11,26,0,3,Trabajo en altura,2,0,0,1,0,1,0,1,0,0,0
2021,11,20,1,1,Soldadura,1,0,1,1,1,1,0,1,0,0,0
2021,11,29,0,4,Montaje,2,0,1,1,1,1,1,1,0,0,0
2021,11,48,0,11,Soldadura,3,1,1,1,1,0,0,1,0,0,0
2021,11,37,0,3,Trabajo en altura,2,1,0,1,1,0,1,1,0,0,0
2021,11,43,0,9,Trabajo en altura,2,0,1,1,1,1,0,1,0,0,0
2021,11,24,1,2,Manipulación de perfiles,1,0,0,1,1,1,0,1,0,0,0
2021,11,41,0,3,Trabajo en altura,2,0,1,1,1,0,1,1,0,0,0
2021,11,46,0,17,Corte y esmerilado,3,0,0,1,0,0,0,1,0,0,0
2021,12,39,0,2,Montaje,3,0,0,1,1,1,0,1,0,0,0
2021,12,40,0,3,Trabajo en altura,1,0,1,0,1,1,0,1,0,0,0
2021,12,46,0,5,Montaje,2,0,0,1,1,1,0,1,0,0,0
2021,12,52,0,17,Corte y esmerilado,1,0,0,1,1,1,1,1,0,0,0
2021,12,51,0,7,Manipulación de perfiles,1,0,0,1,1,0,0,1,0,0,0
2021,12,40,0,10,Corte y esmerilado,2,0,1,1,1,0,0,1,0,0,0
2021,12,19,1,0,Montaje,3,1,0,1,0,1,1,1,0,0,0
2021,12,26,0,13,Montaje,1,0,1,1,1,0,0,1,0,0,0
2021,12,29,0,4,Manipulación de perfiles,3,0,0,1,1,1,0,1,0,0,0
2021,12,46,0,10,Trabajo en altura,1,1,0,1,1,1,1,1,0,0,0
2021,12,31,0,6,Corte y esmerilado,3,0,1,1,1,1,0,1,0,0,0
2021,12,35,0,1,Montaje,2,0,0,1,0,0,0,1,0,0,0
2021,12,44,0,4,Corte y esmerilado,2,0,1,1,0,1,1,1,0,0,0
2021,12,30,0,6,Montaje,2,0,1,1,1,1,1,1,0,0,0
2021,12,49,0,4,Soldadura,2,0,0,1,1,1,0,1,0,0,0
2021,12,18,1,0,Montaje,2,0,1,1,1,1,0,1,0,0,0
2021,12,29,0,13,Corte y esmerilado,3,0,0,1,1,1,0,1,0,0,0
2021,12,32,0,5,Soldadura,1,1,1,1,1,1,1,1,0,0,0
2021,12,29,0,7,Corte y esmerilado,1,1,0,1,1,1,0,1,0,0,0
2021,12,27,0,10,Corte y esmerilado,3,1,0,1,1,1,0,1,0,0,0
2021,12,26,0,9,Montaje,2,0,0,1,1,1,0,1,0,0,0
2021,12,19,1,0,Montaje,1,0,0,1,1,1,0,1,0,0,0
2021,12,48,0,1,Soldadura,1,0,0,0,1,1,1,1,0,0,0
2021,12,22,1,2,Soldadura,2,0,0,1,1,1,1,1,0,0,0
2021,12,21,1,1,Corte y esmerilado,1,0,0,1,1,1,0,1,0,0,0
2021,12,20,1,1,Montaje,1,0,0,1,1,1,0,1,0,0,0
2021,12,52,0,8,Montaje,3,0,0,1,1,0,0,1,0,0,0
2021,12,20,1,1,Montaje,1,0,1,1,1,1,0,1,0,0,0
2021,12,20,1,2,Trabajo en altura,1,1,1,1,1,1,0,1,0,0,0
2021,12,38,0,9,Montaje,3,0,1,0,1,1,0,1,0,0,0
2021,12,44,0,3,Corte y esmerilado,2,1,1,1,1,1,0,1,0,0,0
2021,12,54,0,5,Manipulación de perfiles,3,1,0,1,0,1,0,1,0,0,0
2021,12,22,1,2,Soldadura,3,1,0,1,1,1,0,1,0,0,0
2021,12,19,1,0,Montaje,3,0,1,1,0,1,0,1,0,0,0
2021,12,48,0,14,Soldadura,1,1,0,1,1,1,0,1,0,0,0
2021,12,22,1,1,Soldadura,3,0,0,1,1,1,0,1,1,0,1
2021,12,37,0,8,Montaje,2,0,0,0,0,1,0,1,0,0,0
2021,12,24,1,2,Corte y esmerilado,2,0,0,1,1,0,0,1,0,0,0
2021,12,25,0,10,Soldadura,2,0,0,1,1,0,0,1,0,0,0
2021,12,38,0,9,Montaje,2,0,0,1,0,1,0,1,0,0,0
2022,1,20,1,1,Trabajo en altura,2,1,0,1,1,0,0,1,0,0,0
2022,1,21,1,0,Corte y esmerilado,1,1,1,1,0,0,0,1,0,0,0
2022,1,18,1,1,Soldadura,1,1,1,0,1,0,0,1,1,1,0
2022,1,28,0,9,Corte y esmerilado,2,0,0,1,1,1,0,1,0,0,0
2022,1,56,0,11,Trabajo en altura,3,0,0,1,1,1,0,1,0,0,0
2022,1,57,0,8,Trabajo en altura,2,1,0,1,1,1,1,1,0,0,0
2022,1,50,0,5,Manipulación de perfiles,1,0,0,1,0,1,0,1,0,0,0
2022,1,38,0,8,Trabajo en altura,3,0,0,1,1,1,0,1,0,0,0
2022,1,56,0,1,Montaje,1,0,0,1,1,0,0,1,0,0,0
2022,1,20,1,2,Trabajo en altura,3,1,1,1,1,1,1,1,0,0,0
2022,1,48,0,10,Montaje,3,0,0,1,1,1,0,1,0,0,0
2022,1,37,0,7,Soldadura,3,1,1,1,1,1,1,1,0,0,0
2022,1,47,0,11,Corte y esmerilado,1,1,0,1,0,1,0,1,0,0,0
2022,1,24,1,1,Montaje,1,0,0,1,0,1,0,1,0,0,0
2022,1,19,1,0,Montaje,3,0,1,1,1,1,0,1,0,0,0
2022,1,53,0,8,Trabajo en altura,3,0,0,1,1,1,0,1,0,0,0
2022,1,52,0,9,Corte y esmerilado,2,0,0,1,1,1,0,1,0,0,0
2022,1,24,1,2,Corte y esmerilado,1,0,1,1,1,0,0,1,0,0,0
2022,1,39,0,1,Manipulación de perfiles,2,0,0,0,0,0,0,1,1,0,1
2022,1,33,0,1,Trabajo en altura,2,1,1,1,0,0,0,1,0,0,0
2022,1,46,0,3,Trabajo en altura,1,0,0,1,1,0,0,1,0,0,0
2022,1,29,0,3,Montaje,1,0,1,1,1,1,0,1,0,0,0
2022,1,44,0,5,Corte y esmerilado,3,1,0,1,1,1,0,1,0,0,0
2022,1,20,1,2,Montaje,3,1,0,1,0,1,1,1,0,0,0
2022,1,21,1,0,Soldadura,3,0,1,1,1,1,0,1,0,0,0
2022,1,32,0,11,Corte y esmerilado,1,0,0,1,0,1,1,1,0,0,0
2022,1,36,0,10,Soldadura,3,1,1,1,1,1,0,1,0,0,0
2022,1,27,0,6,Soldadura,2,0,0,1,1,1,1,1,0,0,0
2022,1,31,0,6,Soldadura,3,1,1,1,0,1,0,1,0,0,0
2022,1,48,0,12,Montaje,2,1,1,1,1,0,0,1,0,0,0
2022,1,55,0,12,Montaje,1,0,0,1,1,0,0,1,0,0,0
2022,1,32,0,10,Manipulación de perfiles,2,0,0,1,0,1,0,1,0,0,0
2022,1,47,0,17,Trabajo en altura,3,0,0,1,0,1,0,1,0,0,0
2022,1,33,0,16,Soldadura,3,1,0,1,1,1,0,1,0,0,0
2022,1,23,1,1,Corte y esmerilado,2,1,0,1,1,1,0,1,0,0,0
2022,1,42,0,4,Soldadura,3,0,0,1,1,1,0,1,0,0,0
2022,1,26,0,10,Trabajo en altura,1,1,1,1,0,0,0,1,0,0,0
2022,1,50,0,7,Manipulación de perfiles,1,0,0,1,1,1,0,1,0,0,0
2022,1,20,1,0,Trabajo en altura,1,0,0,1,0,1,0,1,0,0,0
2022,1,33,0,12,Manipulación de perfiles,3,0,0,1,1,1,0,1,0,0,0
2022,2,18,1,2,Manipulación de perfiles,1,1,0,0,1,1,0,1,0,0,0
2022,2,46,0,1,Soldadura,1,1,0,1,1,1,0,1,0,0,0
2022,2,36,0,9,Manipulación de perfiles,3,0,1,1,1,1,0,1,0,0,0
2022,2,37,0,5,Montaje,2,0,0,1,0,1,0,1,0,0,0
2022,2,27,0,2,Montaje,3,1,0,1,1,1,0,1,0,0,0
2022,2,30,0,15,Corte y esmerilado,2,1,0,1,1,1,0,1,0,0,0
2022,2,21,1,2,Soldadura,3,0,0,0,1,1,0,1,0,0,0
2022,2,21,1,2,Corte y esmerilado,2,0,0,1,1,1,0,1,0,0,0
2022,2,25,0,16,Manipulación de perfiles,2,1,0,1,1,0,0,1,0,0,0
2022,2,50,0,12,Trabajo en altura,1,0,0,1,1,0,0,1,0,0,0
2022,2,32,0,6,Trabajo en altura,3,0,0,1,1,0,0,1,0,0,0
2022,2,24,1,2,Corte y esmerilado,3,0,0,1,1,1,0,1,0,0,0
2022,2,28,0,9,Trabajo en altura,3,0,1,1,1,0,0,1,0,0,0
2022,2,47,0,3,Trabajo en altura,1,0,1,1,1,1,0,1,0,0,0
2022,2,34,0,5,Montaje,2,0,0,1,1,1,0,1,0,0,0
2022,2,30,0,6,Montaje,3,0,0,1,1,1,0,1,0,0,0
2022,2,25,0,14,Trabajo en altura,3,1,0,0,1,1,0,1,1,0,1
2022,2,45,0,8,Trabajo en altura,3,1,0,1,1,1,0,1,0,0,0
2022,2,46,0,1,Corte y esmerilado,3,0,1,1,1,1,1,1,0,0,0
2022,2,24,1,0,Corte y esmerilado,3,1,0,1,0,1,1,1,0,0,0
2022,2,39,0,15,Montaje,3,0,0,1,1,1,0,1,0,0,0
2022,2,22,1,1,Trabajo en altura,2,0,0,1,1,1,1,1,0,0,0
2022,2,47,0,2,Soldadura,1,0,0,1,1,1,0,1,0,0,0
2022,2,29,0,1,Manipulación de perfiles,1,0,1,1,1,1,1,1,0,0,0
2022,2,19,1,0,Montaje,2,1,0,0,1,0,0,1,0,0,0
2022,2,46,0,17,Trabajo en altura,3,1,0,1,0,1,0,1,0,0,0
2022,2,38,0,2,Manipulación de perfiles,2,0,0,1,1,1,1,1,0,0,0
2022,2,19,1,2,Trabajo en altura,1,0,0,1,1,1,0,1,0,0,0
2022,2,51,0,12,Manipulación de perfiles,2,0,1,0,1,1,0,1,0,0,0
2022,2,28,0,8,Manipulación de perfiles,3,0,1,1,1,1,0,1,0,0,0
2022,2,47,0,8,Trabajo en altura,3,0,0,1,1,1,1,1,0,0,0
2022,2,31,0,5,Soldadura,3,1,0,1,0,1,0,1,0,0,0
2022,2,53,0,9,Soldadura,3,1,1,1,1,1,0,1,0,0,0
2022,2,20,1,2,Soldadura,1,0,1,1,1,1,1,1,0,0,0
2022,2,19,1,0,Soldadura,2,0,0,1,1,1,0,1,0,0,0
2022,2,57,0,13,Trabajo en altura,3,0,0,1,1,1,0,1,0,0,0
2022,2,21,1,2,Soldadura,1,0,0,1,1,1,0,1,0,0,0
2022,2,35,0,8,Soldadura,1,0,1,1,1,1,0,1,0,0,0
2022,2,43,0,8,Corte y esmerilado,3,0,1,1,1,1,0,1,0,0,0
2022,2,19,1,0,Corte y esmerilado,2,0,1,1,0,1,0,1,0,0,0
2022,3,49,0,13,Manipulación de perfiles,1,0,0,1,1,1,0,0,0,0,0
2022,3,22,1,2,Manipulación de perfiles,3,1,1,1,1,1,0,0,0,0,0
2022,3,18,1,2,Montaje,3,0,1,1,1,1,0,0,0,0,0
2022,3,57,0,12,Montaje,1,0,0,1,1,1,0,0,0,0,0
2022,3,42,0,5,Trabajo en altura,3,0,0,1,1,1,1,0,0,0,0
2022,3,42,0,15,Trabajo en altura,2,0,1,1,1,1,0,0,0,0,0
2022,3,30,0,2,Montaje,3,0,0,1,1,1,0,0,0,0,0
2022,3,45,0,9,Manipulación de perfiles,3,0,1,1,0,1,0,0,0,0,0
2022,3,23,1,1,Manipulación de perfiles,2,0,1,1,1,1,0,0,0,0,0
2022,3,28,0,14,Trabajo en altura,2,0,0,1,1,1,1,0,0,0,0
2022,3,37,0,15,Montaje,2,0,0,1,1,1,0,0,0,0,0
2022,3,18,1,0,Corte y esmerilado,3,0,0,1,1,1,0,0,0,0,0
2022,3,46,0,4,Trabajo en altura,2,0,1,1,1,0,0,0,0,0,0
2022,3,21,1,2,Manipulación de perfiles,1,0,0,1,1,1,1,0,0,0,0
2022,3,22,1,1,Trabajo en altura,1,1,0,1,1,1,0,0,0,0,0
2022,3,43,0,6,Corte y esmerilado,3,0,0,1,1,1,0,0,0,0,0
2022,3,20,1,2,Montaje,3,1,1,1,1,1,0,0,0,0,0
2022,3,36,0,15,Corte y esmerilado,3,0,0,1,1,1,0,0,0,0,0
2022,3,26,0,8,Soldadura,1,1,0,1,0,1,0,0,0,0,0
2022,3,40,0,2,Manipulación de perfiles,1,1,1,1,0,1,0,0,0,0,0
2022,3,56,0,11,Soldadura,2,1,1,1,1,1,1,0,0,0,0
2022,3,44,0,12,Manipulación de perfiles,3,0,0,0,1,1,0,0,0,0,0
2022,3,47,0,7,Manipulación de perfiles,2,0,0,1,1,1,0,0,0,0,0
2022,3,43,0,17,Montaje,1,1,0,1,1,1,0,0,0,0,0
2022,3,33,0,14,Soldadura,3,1,1,1,1,1,1,0,0,0,0
2022,3,19,1,2,Corte y esmerilado,2,1,0,1,1,1,0,0,0,0,0
2022,3,29,0,3,Corte y esmerilado,3,1,0,1,1,1,0,0,0,0,0
2022,3,49,0,15,Soldadura,1,0,1,1,1,0,0,0,0,0,0
2022,3,23,1,0,Trabajo en altura,1,0,1,0,0,1,0,0,0,0,0
2022,3,22,1,2,Corte y esmerilado,3,0,0,1,1,1,1,0,0,0,0
2022,3,40,0,1,Trabajo en altura,3,1,0,0,1,1,0,0,1,0,1
2022,3,36,0,6,Soldadura,3,0,0,1,1,0,0,0,1,1,0
2022,3,22,1,2,Montaje,1,1,1,1,1,0,1,0,0,0,0
2022,3,21,1,1,Manipulación de perfiles,3,1,0,0,1,1,0,0,0,0,0
2022,3,52,0,6,Montaje,1,0,0,1,1,1,0,0,0,0,0
2022,3,25,0,3,Corte y esmerilado,3,0,0,1,1,0,0,0,0,0,0
2022,3,39,0,8,Soldadura,3,0,1,0,0,1,0,0,0,0,0
2022,3,38,0,4,Manipulación de perfiles,1,1,0,1,1,1,0,0,0,0,0
2022,3,24,1,0,Soldadura,2,0,0,1,1,1,1,0,0,0,0
2022,3,19,1,0,Trabajo en altura,3,1,1,1,1,1,0,0,1,0,1
2022,4,34,0,1,Corte y esmerilado,2,0,1,1,1,1,0,0,1,0,1
2022,4,51,0,5,Montaje,3,0,1,1,1,1,0,0,0,0,0
2022,4,35,0,6,Manipulación de perfiles,2,0,1,1,1,1,0,0,0,0,0
2022,4,24,1,2,Manipulación de perfiles,2,1,1,1,1,1,0,0,0,0,0
2022,4,37,0,12,Montaje,1,0,1,1,0,1,1,0,0,0,0
2022,4,20,1,1,Manipulación de perfiles,3,0,0,1,1,1,1,0,0,0,0
2022,4,21,1,2,Soldadura,2,0,0,1,1,1,0,0,0,0,0
2022,4,48,0,1,Corte y esmerilado,2,0,0,1,1,1,0,0,0,0,0
2022,4,49,0,9,Corte y esmerilado,1,0,0,1,1,1,0,0,0,0,0
2022,4,24,1,1,Manipulación de perfiles,3,0,0,1,1,1,1,0,0,0,0
2022,4,24,1,0,Trabajo en altura,2,1,0,1,0,1,0,0,0,0,0
2022,4,57,0,12,Soldadura,1,0,0,0,1,1,0,0,0,0,0
2022,4,40,0,15,Corte y esmerilado,3,0,1,1,0,0,0,0,0,0,0
2022,4,18,1,1,Corte y esmerilado,2,1,1,1,1,1,1,0,0,0,0
2022,4,48,0,4,Trabajo en altura,3,1,1,1,1,0,0,0,0,0,0
2022,4,57,0,11,Trabajo en altura,3,1,1,0,0,0,0,0,0,0,0
2022,4,42,0,9,Corte y esmerilado,1,0,0,1,1,1,0,0,0,0,0
2022,4,31,0,11,Manipulación de perfiles,2,0,0,1,0,0,0,0,0,0,0
2022,4,22,1,0,Trabajo en altura,2,0,1,1,1,0,0,0,0,0,0
2022,4,39,0,5,Montaje,1,1,1,1,1,1,0,0,1,0,1
2022,4,54,0,12,Soldadura,3,0,1,0,1,1,0,0,0,0,0
2022,4,37,0,8,Montaje,2,1,0,1,1,1,0,0,0,0,0
2022,4,18,1,1,Manipulación de perfiles,3,0,0,1,1,1,0,0,0,0,0
2022,4,44,0,3,Manipulación de perfiles,3,1,0,1,1,0,0,0,0,0,0
2022,4,25,0,13,Corte y esmerilado,2,1,1,1,1,1,1,0,0,0,0
2022,4,54,0,10,Soldadura,3,0,0,1,1,1,1,0,0,0,0
2022,4,41,0,2,Corte y esmerilado,3,0,0,1,1,0,0,0,0,0,0
2022,4,38,0,7,Corte y esmerilado,3,1,1,1,1,0,1,0,0,0,0
2022,4,18,1,0,Trabajo en altura,1,1,0,1,0,1,0,0,0,0,0
2022,4,50,0,13,Manipulación de perfiles,3,1,0,1,0,1,0,0,0,0,0
2022,4,27,0,15,Manipulación de perfiles,3,0,1,1,0,0,0,0,0,0,0
2022,4,31,0,14,Manipulación de perfiles,1,1,0,1,0,1,0,0,0,0,0
2022,4,40,0,12,Corte y esmerilado,1,1,0,1,0,1,1,0,0,0,0
2022,4,48,0,4,Corte y esmerilado,3,1,0,1,1,1,0,0,0,0,0
2022,4,22,1,2,Corte y esmerilado,3,1,1,0,0,0,1,0,0,0,0
2022,4,29,0,11,Corte y esmerilado,3,1,1,1,1,1,1,0,1,1,0
2022,4,33,0,6,Manipulación de perfiles,3,1,0,1,1,1,0,0,0,0,0
2022,4,41,0,13,Trabajo en altura,2,1,0,1,1,1,0,0,0,0,0
2022,4,24,1,2,Soldadura,1,0,0,1,1,0,0,0,0,0,0
2022,4,31,0,4,Trabajo en altura,2,1,0,1,0,1,0,0,0,0,0
2022,5,45,0,14,Corte y esmerilado,3,1,0,1,1,1,1,0,0,0,0
2022,5,34,0,6,Manipulación de perfiles,2,0,1,0,1,0,0,0,0,0,0
2022,5,43,0,3,Montaje,3,0,1,1,1,1,0,0,0,0,0
2022,5,28,0,14,Corte y esmerilado,3,1,1,1,1,1,0,0,0,0,0
2022,5,22,1,0,Soldadura,2,0,0,0,0,0,0,0,0,0,0
2022,5,54,0,7,Soldadura,2,0,0,1,1,1,1,0,0,0,0
2022,5,33,0,2,Soldadura,3,0,1,1,1,0,0,0,1,0,1
2022,5,23,1,2,Montaje,2,0,0,0,1,1,1,0,0,0,0
2022,5,19,1,2,Corte y esmerilado,1,0,0,1,0,1,0,0,0,0,0
2022,5,52,0,8,Montaje,3,0,0,0,1,0,0,0,0,0,0
2022,5,20,1,0,Montaje,2,0,0,1,1,1,0,0,0,0,0
2022,5,45,0,6,Montaje,1,0,0,1,0,1,0,0,0,0,0
2022,5,22,1,2,Trabajo en altura,2,0,0,1,1,0,0,0,0,0,0
2022,5,30,0,2,Trabajo en altura,3,1,0,0,0,0,0,0,0,0,0
2022,5,37,0,7,Corte y esmerilado,1,1,1,1,1,1,0,0,0,0,0
2022,5,21,1,1,Trabajo en altura,1,0,0,1,0,0,0,0,0,0,0
2022,5,37,0,10,Corte y esmerilado,3,0,0,1,0,1,0,0,0,0,0
2022,5,37,0,16,Manipulación de perfiles,3,0,0,1,1,1,0,0,0,0,0
2022,5,34,0,11,Soldadura,2,1,1,1,1,1,0,0,0,0,0
2022,5,45,0,8,Montaje,2,0,0,1,1,1,0,0,0,0,0
2022,5,55,0,11,Manipulación de perfiles,3,0,0,1,1,1,0,0,0,0,0
2022,5,49,0,1,Manipulación de perfiles,2,0,0,1,1,1,0,0,0,0,0
2022,5,33,0,2,Corte y esmerilado,1,0,1,1,1,1,1,0,0,0,0
2022,5,22,1,0,Soldadura,2,0,0,1,1,0,0,0,0,0,0
2022,5,57,0,4,Manipulación de perfiles,3,0,1,1,1,0,0,0,0,0,0
2022,5,21,1,1,Trabajo en altura,2,1,0,0,0,1,0,0,0,0,0
2022,5,23,1,2,Trabajo en altura,1,0,1,1,1,1,0,0,0,0,0
2022,5,30,0,7,Trabajo en altura,1,0,1,0,0,0,0,0,1,1,0
2022,5,54,0,4,Manipulación de perfiles,1,0,0,1,1,1,1,0,0,0,0
2022,5,18,1,0,Soldadura,3,0,1,1,1,1,0,0,0,0,0
2022,5,46,0,3,Manipulación de perfiles,2,0,1,0,1,0,0,0,0,0,0
2022,5,20,1,0,Corte y esmerilado,3,0,0,1,1,1,0,0,0,0,0
2022,5,19,1,0,Trabajo en altura,3,0,1,0,1,0,1,0,0,0,0
2022,5,47,0,17,Corte y esmerilado,3,1,0,0,1,0,1,0,0,0,0
2022,5,44,0,14,Trabajo en altura,2,0,1,1,1,1,1,0,0,0,0
2022,5,53,0,2,Trabajo en altura,1,0,0,1,1,1,0,0,0,0,0
2022,5,19,1,2,Trabajo en altura,3,0,0,1,1,1,0,0,0,0,0
2022,5,57,0,4,Montaje,2,0,0,1,1,1,0,0,0,0,0
2022,5,52,0,6,Corte y esmerilado,1,1,0,1,1,1,0,0,0,0,0
2022,5,41,0,5,Soldadura,1,0,0,1,0,1,0,0,0,0,0
2022,6,29,0,17,Manipulación de perfiles,3,0,1,1,1,1,0,0,0,0,0
2022,6,44,0,16,Soldadura,2,1,0,1,0,1,1,0,0,0,0
2022,6,36,0,2,Montaje,1,0,0,1,1,1,0,0,0,0,0
2022,6,20,1,2,Soldadura,2,1,0,1,0,1,0,0,0,0,0
2022,6,31,0,12,Manipulación de perfiles,2,1,0,1,1,1,1,0,0,0,0
2022,6,50,0,11,Trabajo en altura,3,1,1,1,1,1,0,0,0,0,0
2022,6,20,1,1,Trabajo en altura,2,0,0,1,1,1,0,0,0,0,0
2022,6,35,0,4,Manipulación de perfiles,2,1,0,0,1,1,0,0,0,0,0
2022,6,18,1,1,Montaje,1,1,0,1,1,1,0,0,0,0,0
2022,6,19,1,0,Montaje,2,0,0,0,1,1,0,0,0,0,0
2022,6,20,1,0,Manipulación de perfiles,2,1,0,1,1,0,0,0,1,0,1
2022,6,42,0,10,Corte y esmerilado,1,0,0,1,1,1,0,0,0,0,0
2022,6,51,0,15,Manipulación de perfiles,3,0,1,1,1,1,0,0,0,0,0
2022,6,55,0,12,Soldadura,1,0,0,1,1,1,0,0,0,0,0
2022,6,57,0,17,Soldadura,3,0,1,1,1,1,0,0,0,0,0
2022,6,45,0,13,Soldadura,1,0,1,1,1,1,0,0,0,0,0
2022,6,18,1,1,Trabajo en altura,2,0,1,1,1,1,0,0,0,0,0
2022,6,48,0,7,Soldadura,3,0,0,1,1,1,0,0,0,0,0
2022,6,28,0,16,Corte y esmerilado,3,1,1,1,1,1,0,0,0,0,0
2022,6,48,0,1,Trabajo en altura,2,0,1,0,1,1,0,0,0,0,0
2022,6,19,1,1,Corte y esmerilado,3,0,1,1,0,1,1,0,1,0,1
2022,6,30,0,6,Trabajo en altura,1,1,0,1,1,1,0,0,0,0,0
2022,6,25,0,6,Trabajo en altura,2,0,0,1,1,1,0,0,0,0,0
2022,6,37,0,12,Montaje,2,1,0,0,0,0,0,0,0,0,0
2022,6,38,0,11,Soldadura,1,0,1,1,1,1,0,0,0,0,0
2022,6,36,0,13,Soldadura,2,0,0,1,1,1,1,0,0,0,0
2022,6,24,1,0,Montaje,1,1,0,1,0,1,0,0,0,0,0
2022,6,45,0,12,Soldadura,2,0,0,1,1,0,0,0,0,0,0
2022,6,26,0,14,Trabajo en altura,3,0,0,1,1,1,0,0,0,0,0
2022,6,37,0,14,Trabajo en altura,1,0,0,1,1,1,0,0,0,0,0
2022,6,45,0,6,Montaje,2,1,0,1,1,1,0,0,0,0,0
2022,6,18,1,0,Soldadura,3,0,0,0,1,1,0,0,0,0,0
2022,6,20,1,2,Soldadura,1,1,0,1,1,1,0,0,0,0,0
2022,6,53,0,7,Montaje,3,1,0,1,1,1,0,0,0,0,0
2022,6,30,0,12,Trabajo en altura,2,1,0,1,1,1,0,0,0,0,0
2022,6,53,0,17,Manipulación de perfiles,1,0,0,1,1,1,1,0,0,0,0
2022,6,21,1,0,Trabajo en altura,3,1,0,0,1,0,0,0,0,0,0
2022,6,55,0,16,Manipulación de perfiles,1,0,1,1,1,1,0,0,0,0,0
2022,6,20,1,0,Soldadura,2,0,0,1,1,1,1,0,0,0,0
2022,6,18,1,1,Trabajo en altura,2,0,1,1,1,1,0,0,0,0,0
2022,7,27,0,13,Trabajo en altura,3,0,1,1,1,1,0,0,0,0,0
2022,7,53,0,11,Corte y esmerilado,3,0,1,1,1,0,0,0,0,0,0
2022,7,21,1,1,Manipulación de perfiles,1,1,1,1,1,1,0,0,1,0,1
2022,7,46,0,1,Corte y esmerilado,3,1,0,1,1,1,0,0,0,0,0
2022,7,46,0,1,Montaje,2,1,1,0,1,1,0,0,1,0,1
2022,7,20,1,2,Montaje,3,1,1,1,0,1,0,0,0,0,0
2022,7,29,0,9,Manipulación de perfiles,2,0,0,1,1,1,0,0,0,0,0
2022,7,24,1,2,Manipulación de perfiles,3,1,1,1,0,1,0,0,1,0,1
2022,7,21,1,2,Manipulación de perfiles,3,1,1,1,1,1,0,0,1,0,1
2022,7,31,0,9,Montaje,2,0,0,1,1,0,0,0,0,0,0
2022,7,50,0,4,Corte y esmerilado,1,0,0,1,1,0,0,0,0,0,0
2022,7,22,1,0,Trabajo en altura,3,0,0,1,1,1,0,0,0,0,0
2022,7,41,0,11,Manipulación de perfiles,2,0,0,1,1,1,0,0,0,0,0
2022,7,21,1,1,Trabajo en altura,1,0,0,1,1,1,0,0,0,0,0
2022,7,44,0,1,Montaje,3,0,1,1,1,1,0,0,0,0,0
2022,7,42,0,3,Trabajo en altura,3,0,0,1,1,1,1,0,0,0,0
2022,7,26,0,1,Montaje,1,0,1,1,1,1,0,0,0,0,0
2022,7,23,1,0,Trabajo en altura,2,0,0,1,1,0,0,0,0,0,0
2022,7,33,0,16,Soldadura,1,0,0,1,1,1,1,0,0,0,0
2022,7,51,0,17,Trabajo en altura,1,1,1,1,0,1,0,0,0,0,0
2022,7,30,0,9,Soldadura,1,0,1,1,0,1,0,0,0,0,0
2022,7,48,0,1,Montaje,1,0,1,1,1,1,0,0,0,0,0
2022,7,24,1,0,Manipulación de perfiles,2,0,1,1,0,1,0,0,0,0,0
2022,7,57,0,10,Soldadura,3,1,0,1,0,1,1,0,0,0,0
2022,7,44,0,8,Manipulación de perfiles,3,0,0,1,0,1,0,0,0,0,0
2022,7,21,1,2,Soldadura,2,0,0,1,1,0,0,0,0,0,0
2022,7,19,1,1,Corte y esmerilado,1,1,0,1,1,1,1,0,0,0,0
2022,7,55,0,15,Soldadura,1,0,0,1,1,1,0,0,0,0,0
2022,7,54,0,15,Trabajo en altura,3,0,1,0,1,1,1,0,0,0,0
2022,7,23,1,0,Montaje,2,1,0,1,1,0,1,0,0,0,0
2022,7,34,0,11,Corte y esmerilado,1,0,1,1,1,1,0,0,0,0,0
2022,7,55,0,7,Trabajo en altura,2,0,0,1,1,1,0,0,0,0,0
2022,7,21,1,2,Manipulación de perfiles,1,0,0,1,1,1,0,0,0,0,0
2022,7,18,1,1,Montaje,1,0,0,0,1,1,0,0,0,0,0
2022,7,19,1,1,Trabajo en altura,2,1,1,1,1,1,0,0,0,0,0
2022,7,28,0,7,Trabajo en altura,3,0,0,1,1,1,0,0,0,0,0
2022,7,19,1,0,Montaje,3,0,0,1,0,0,0,0,0,0,0
2022,7,24,1,0,Manipulación de perfiles,1,0,0,1,1,1,0,0,0,0,0
2022,7,57,0,15,Montaje,2,0,0,0,1,1,1,0,0,0,0
2022,7,29,0,1,Manipulación de perfiles,3,0,0,1,1,0,0,0,0,0,0
2022,8,56,0,9,Manipulación de perfiles,1,0,1,1,1,1,0,0,0,0,0
2022,8,25,0,17,Montaje,3,0,0,0,1,1,1,0,0,0,0
2022,8,22,1,1,Soldadura,2,0,1,1,1,0,1,0,0,0,0
2022,8,21,1,0,Corte y esmerilado,2,0,1,1,1,1,0,0,0,0,0
2022,8,54,0,17,Corte y esmerilado,2,0,0,1,1,1,1,0,0,0,0
2022,8,42,0,8,Trabajo en altura,3,1,0,1,1,1,1,0,0,0,0
2022,8,20,1,0,Montaje,2,0,0,1,1,0,0,0,0,0,0
2022,8,44,0,17,Soldadura,2,0,1,1,1,1,0,0,0,0,0
2022,8,43,0,8,Soldadura,2,0,1,1,0,1,0,0,0,0,0
2022,8,22,1,1,Soldadura,1,0,0,1,1,1,0,0,0,0,0
2022,8,53,0,4,Soldadura,2,1,0,1,1,0,0,0,0,0,0
2022,8,55,0,4,Manipulación de perfiles,2,1,0,1,1,1,0,0,0,0,0
2022,8,40,0,10,Trabajo en altura,2,0,0,1,1,1,0,0,0,0,0
2022,8,22,1,2,Trabajo en altura,1,0,1,1,0,1,1,0,0,0,0
2022,8,24,1,2,Manipulación de perfiles,3,0,0,0,1,0,0,0,0,0,0
2022,8,57,0,2,Montaje,2,0,0,1,1,1,0,0,0,0,0
2022,8,50,0,8,Trabajo en altura,3,1,0,1,0,1,0,0,0,0,0
2022,8,19,1,0,Corte y esmerilado,1,0,1,1,1,1,0,0,0,0,0
2022,8,20,1,2,Manipulación de perfiles,1,0,0,0,1,1,1,0,0,0,0
2022,8,48,0,16,Montaje,1,1,1,0,1,1,0,0,0,0,0
2022,8,25,0,7,Corte y esmerilado,2,0,0,1,1,1,0,0,0,0,0
2022,8,34,0,7,Manipulación de perfiles,1,0,1,1,1,1,0,0,0,0,0
2022,8,27,0,4,Trabajo en altura,3,0,1,1,1,1,0,0,0,0,0
2022,8,32,0,3,Soldadura,1,0,1,1,1,0,0,0,0,0,0
2022,8,49,0,14,Manipulación de perfiles,2,0,1,1,1,1,0,0,0,0,0
2022,8,29,0,3,Montaje,1,0,1,1,1,1,0,0,1,1,0
2022,8,27,0,11,Montaje,2,1,0,1,1,1,0,0,0,0,0
2022,8,27,0,14,Manipulación de perfiles,2,1,0,1,1,0,0,0,0,0,0
2022,8,22,1,1,Manipulación de perfiles,3,1,1,1,1,0,0,0,0,0,0
2022,8,44,0,2,Soldadura,1,0,0,1,0,1,0,0,0,0,0
2022,8,53,0,9,Manipulación de perfiles,3,1,0,0,1,1,0,0,0,0,0
2022,8,20,1,0,Soldadura,3,0,0,1,0,0,0,0,0,0,0
2022,8,53,0,15,Soldadura,3,0,0,1,1,1,0,0,0,0,0
2022,8,57,0,3,Montaje,1,0,0,1,1,1,0,0,0,0,0
2022,8,31,0,7,Trabajo en altura,2,1,0,1,1,1,0,0,0,0,0
2022,8,32,0,1,Corte y esmerilado,1,1,0,1,1,1,0,0,0,0,0
2022,8,19,1,0,Trabajo en altura,2,0,0,1,0,0,0,0,0,0,0
2022,8,30,0,2,Soldadura,1,1,0,1,1,1,0,0,0,0,0
2022,8,23,1,1,Montaje,1,0,0,1,1,0,0,0,0,0,0
2022,8,21,1,0,Montaje,3,1,0,1,1,1,0,0,0,0,0
2022,9,33,0,15,Corte y esmerilado,3,0,0,1,1,1,0,0,0,0,0
2022,9,46,0,7,Manipulación de perfiles,2,0,1,1,1,1,0,0,0,0,0
2022,9,21,1,1,Corte y esmerilado,2,0,1,1,1,1,0,0,0,0,0
2022,9,56,0,11,Soldadura,3,0,0,1,1,1,0,0,0,0,0
2022,9,49,0,10,Montaje,3,0,0,1,1,1,0,0,0,0,0
2022,9,42,0,17,Montaje,1,0,0,1,1,1,1,0,0,0,0
2022,9,35,0,10,Soldadura,2,0,0,1,1,0,0,0,0,0,0
2022,9,38,0,2,Trabajo en altura,3,1,1,0,1,1,0,0,0,0,0
2022,9,23,1,1,Corte y esmerilado,1,0,0,1,1,1,0,0,0,0,0
2022,9,46,0,8,Montaje,2,0,0,0,0,1,0,0,0,0,0
2022,9,21,1,0,Corte y esmerilado,2,0,1,0,1,1,0,0,0,0,0
2022,9,55,0,17,Montaje,2,0,0,1,1,1,0,0,0,0,0
2022,9,21,1,1,Montaje,3,0,0,1,1,1,0,0,0,0,0
2022,9,45,0,3,Soldadura,1,0,1,1,1,0,0,0,1,0,1
2022,9,21,1,0,Trabajo en altura,2,1,0,1,1,1,1,0,0,0,0
2022,9,21,1,0,Soldadura,1,1,0,1,1,1,0,0,0,0,0
2022,9,21,1,1,Montaje,1,0,0,1,1,1,0,0,0,0,0
2022,9,48,0,10,Manipulación de perfiles,1,0,1,1,1,1,0,0,0,0,0
2022,9,24,1,2,Trabajo en altura,3,0,1,1,0,1,0,0,0,0,0
2022,9,47,0,9,Manipulación de perfiles,2,1,0,1,1,1,0,0,0,0,0
2022,9,20,1,2,Montaje,3,1,1,1,0,1,1,0,0,0,0
2022,9,57,0,6,Corte y esmerilado,1,0,1,1,0,1,1,0,0,0,0
2022,9,47,0,11,Trabajo en altura,3,1,0,1,1,1,0,0,0,0,0
2022,9,53,0,7,Corte y esmerilado,3,1,0,1,1,1,0,0,0,0,0
2022,9,19,1,1,Trabajo en altura,1,0,1,0,0,1,0,0,0,0,0
2022,9,41,0,13,Trabajo en altura,2,1,0,1,0,0,0,0,0,0,0
2022,9,18,1,1,Corte y esmerilado,3,1,0,1,0,1,0,0,0,0,0
2022,9,22,1,0,Soldadura,1,0,1,1,1,1,0,0,0,0,0
2022,9,49,0,11,Corte y esmerilado,2,0,0,0,1,1,0,0,0,0,0
2022,9,20,1,2,Manipulación de perfiles,1,0,1,1,1,1,0,0,0,0,0
2022,9,20,1,1,Corte y esmerilado,3,0,1,1,1,1,0,0,0,0,0
2022,9,25,0,13,Manipulación de perfiles,3,0,1,0,1,1,0,0,0,0,0
2022,9,40,0,11,Corte y esmerilado,1,0,0,0,1,0,1,0,0,0,0
2022,9,52,0,4,Soldadura,1,0,0,1,0,1,1,0,0,0,0
2022,9,18,1,0,Corte y esmerilado,3,0,0,1,0,0,1,0,0,0,0
2022,9,53,0,1,Soldadura,2,0,1,1,0,0,0,0,0,0,0
2022,9,26,0,15,Trabajo en altura,1,0,0,1,1,0,0,0,0,0,0
2022,9,22,1,2,Manipulación de perfiles,3,0,0,1,0,1,0,0,0,0,0
2022,9,20,1,2,Soldadura,3,1,1,1,1,1,1,0,0,0,0
2022,9,22,1,2,Montaje,3,1,0,1,1,1,0,0,0,0,0
2022,10,32,0,8,Trabajo en altura,2,0,1,1,1,1,0,0,0,0,0
2022,10,32,0,3,Trabajo en altura,2,0,0,1,0,1,0,0,0,0,0
2022,10,25,0,16,Montaje,2,0,0,1,1,1,1,0,0,0,0
2022,10,28,0,2,Soldadura,2,0,1,1,1,1,0,0,0,0,0
2022,10,22,1,1,Trabajo en altura,1,0,0,1,1,1,0,0,0,0,0
2022,10,45,0,16,Manipulación de perfiles,1,0,1,0,1,1,0,0,0,0,0
2022,10,23,1,2,Manipulación de perfiles,2,0,1,1,0,1,1,0,0,0,0
2022,10,40,0,17,Manipulación de perfiles,1,0,0,1,1,0,0,0,0,0,0
2022,10,21,1,0,Trabajo en altura,1,0,1,1,1,1,0,0,0,0,0
2022,10,53,0,15,Corte y esmerilado,1,1,1,1,0,0,0,0,0,0,0
2022,10,33,0,13,Soldadura,2,0,1,1,1,1,0,0,0,0,0
2022,10,49,0,17,Manipulación de perfiles,1,0,0,0,1,1,0,0,0,0,0
2022,10,44,0,17,Montaje,3,0,0,1,1,1,0,0,0,0,0
2022,10,42,0,16,Soldadura,2,0,0,1,1,1,0,0,0,0,0
2022,10,21,1,2,Soldadura,2,0,0,1,1,1,0,0,0,0,0
2022,10,37,0,4,Montaje,3,1,0,1,0,0,0,0,1,1,0
2022,10,19,1,0,Soldadura,1,0,0,1,0,1,0,0,0,0,0
2022,10,19,1,2,Corte y esmerilado,1,0,0,1,0,1,0,0,0,0,0
2022,10,24,1,1,Manipulación de perfiles,1,0,1,1,1,1,0,0,0,0,0
2022,10,35,0,7,Corte y esmerilado,2,1,0,1,1,0,0,0,0,0,0
2022,10,24,1,1,Trabajo en altura,3,0,0,1,1,1,0,0,0,0,0
2022,10,33,0,16,Corte y esmerilado,3,0,0,1,1,1,0,0,0,0,0
2022,10,22,1,2,Trabajo en altura,1,0,0,1,1,1,0,0,0,0,0
2022,10,23,1,0,Trabajo en altura,3,0,1,1,1,1,0,0,1,0,1
2022,10,28,0,16,Montaje,2,0,1,1,1,1,0,0,0,0,0
2022,10,36,0,3,Trabajo en altura,3,0,0,1,1,1,0,0,0,0,0
2022,10,37,0,17,Trabajo en altura,1,1,1,1,1,1,1,0,0,0,0
2022,10,18,1,2,Montaje,2,0,1,1,1,1,1,0,0,0,0
2022,10,44,0,5,Montaje,3,0,0,1,1,1,0,0,0,0,0
2022,10,47,0,13,Montaje,3,0,1,1,0,1,0,0,0,0,0
2022,10,37,0,5,Montaje,1,0,0,1,1,1,0,0,0,0,0
2022,10,26,0,10,Montaje,3,0,1,0,1,1,0,0,0,0,0
2022,10,26,0,2,Montaje,1,1,1,1,1,1,0,0,0,0,0
2022,10,35,0,1,Trabajo en altura,1,0,0,1,0,0,0,0,0,0,0
2022,10,39,0,5,Manipulación de perfiles,2,0,0,1,1,1,0,0,0,0,0
2022,10,47,0,5,Montaje,3,0,0,0,1,0,0,0,0,0,0
2022,10,43,0,8,Trabajo en altura,3,0,0,1,1,1,0,0,0,0,0
2022,10,51,0,13,Corte y esmerilado,3,1,1,1,1,1,0,0,0,0,0
2022,10,27,0,15,Corte y esmerilado,1,0,1,1,1,0,0,0,0,0,0
2022,10,38,0,8,Soldadura,2,0,0,1,0,1,0,0,0,0,0
2022,11,28,0,2,Corte y esmerilado,3,0,0,1,1,1,1,1,0,0,0
2022,11,54,0,3,Manipulación de perfiles,2,0,0,1,1,1,1,1,0,0,0
2022,11,26,0,15,Manipulación de perfiles,3,0,0,0,1,1,0,1,0,0,0
2022,11,23,1,2,Montaje,3,0,0,1,0,1,0,1,0,0,0
2022,11,18,1,1,Manipulación de perfiles,1,1,0,1,0,1,0,1,0,0,0
2022,11,22,1,1,Corte y esmerilado,2,0,1,1,1,0,0,1,0,0,0
2022,11,20,1,0,Corte y esmerilado,2,0,0,0,1,1,0,1,0,0,0
2022,11,22,1,2,Corte y esmerilado,3,0,0,1,1,1,0,1,0,0,0
2022,11,56,0,11,Manipulación de perfiles,2,0,0,1,1,1,0,1,0,0,0
2022,11,26,0,1,Trabajo en altura,1,0,0,1,1,1,1,1,0,0,0
2022,11,19,1,0,Corte y esmerilado,3,0,0,0,1,1,0,1,0,0,0
2022,11,57,0,5,Montaje,2,1,0,1,1,1,1,1,0,0,0
2022,11,35,0,10,Montaje,1,0,1,1,1,1,0,1,0,0,0
2022,11,38,0,7,Soldadura,3,0,0,1,1,1,0,1,0,0,0
2022,11,25,0,13,Corte y esmerilado,2,0,1,0,1,1,0,1,1,1,0
2022,11,23,1,2,Montaje,3,1,0,1,1,1,0,1,0,0,0
2022,11,42,0,3,Corte y esmerilado,2,1,0,1,0,1,1,1,0,0,0
2022,11,53,0,3,Montaje,2,1,1,1,1,0,0,1,0,0,0
2022,11,52,0,2,Soldadura,2,1,0,0,0,1,0,1,0,0,0
2022,11,22,1,2,Corte y esmerilado,3,0,0,1,0,1,0,1,0,0,0
2022,11,45,0,12,Montaje,2,0,0,1,1,0,0,1,0,0,0
2022,11,37,0,13,Soldadura,1,0,1,1,1,1,1,1,0,0,0
2022,11,37,0,13,Corte y esmerilado,3,0,0,1,1,0,0,1,0,0,0
2022,11,34,0,4,Trabajo en altura,2,0,1,1,1,1,0,1,0,0,0
2022,11,41,0,4,Manipulación de perfiles,3,1,1,1,1,1,1,1,0,0,0
2022,11,21,1,2,Montaje,3,0,1,1,1,1,0,1,0,0,0
2022,11,54,0,4,Manipulación de perfiles,1,1,0,1,0,1,0,1,0,0,0
2022,11,29,0,11,Corte y esmerilado,2,0,0,1,1,1,0,1,0,0,0
2022,11,18,1,0,Montaje,2,1,1,0,1,1,0,1,0,0,0
2022,11,21,1,1,Montaje,1,0,0,0,1,1,0,1,0,0,0
2022,11,40,0,10,Manipulación de perfiles,2,0,1,1,1,0,0,1,0,0,0
2022,11,19,1,1,Trabajo en altura,3,0,1,1,1,1,0,1,0,0,0
2022,11,21,1,0,Manipulación de perfiles,2,1,0,0,1,1,0,1,0,0,0
2022,11,52,0,6,Corte y esmerilado,3,0,0,1,1,1,0,1,0,0,0
2022,11,18,1,0,Manipulación de perfiles,3,1,0,1,1,1,0,1,0,0,0
2022,11,18,1,2,Corte y esmerilado,3,1,0,0,1,1,1,1,0,0,0
2022,11,38,0,9,Manipulación de perfiles,1,1,0,1,1,1,1,1,0,0,0
2022,11,51,0,12,Montaje,3,0,1,1,1,1,0,1,0,0,0
2022,11,55,0,4,Corte y esmerilado,3,0,1,1,0,1,0,1,0,0,0
2022,11,18,1,2,Montaje,3,1,0,1,1,1,0,1,0,0,0
2022,12,34,0,2,Manipulación de perfiles,1,1,1,1,0,1,1,1,0,0,0
2022,12,54,0,17,Corte y esmerilado,1,0,1,1,1,1,1,1,0,0,0
2022,12,44,0,9,Montaje,1,1,1,1,1,1,0,1,0,0,0
2022,12,52,0,6,Corte y esmerilado,3,0,0,0,0,1,0,1,0,0,0
2022,12,24,1,2,Corte y esmerilado,1,1,0,1,1,1,0,1,0,0,0
2022,12,42,0,12,Corte y esmerilado,3,0,0,1,1,1,0,1,0,0,0
2022,12,38,0,10,Trabajo en altura,1,1,0,0,1,1,0,1,0,0,0
2022,12,39,0,11,Corte y esmerilado,2,0,0,1,1,1,0,1,0,0,0
2022,12,49,0,15,Manipulación de perfiles,1,0,0,1,1,1,1,1,0,0,0
2022,12,57,0,10,Trabajo en altura,2,0,0,1,1,1,0,1,0,0,0
2022,12,56,0,17,Soldadura,3,1,0,1,1,1,1,1,0,0,0
2022,12,50,0,3,Trabajo en altura,3,0,0,1,1,1,0,1,0,0,0
2022,12,21,1,0,Soldadura,2,1,0,0,1,0,0,1,0,0,0
2022,12,49,0,8,Trabajo en altura,2,0,0,1,0,1,0,1,0,0,0
2022,12,36,0,8,Corte y esmerilado,2,0,1,0,1,0,0,1,0,0,0
2022,12,51,0,1,Manipulación de perfiles,1,0,1,1,1,1,0,1,0,0,0
2022,12,26,0,17,Manipulación de perfiles,1,1,1,1,1,1,0,1,0,0,0
2022,12,34,0,9,Manipulación de perfiles,2,1,0,1,1,1,0,1,0,0,0
2022,12,35,0,11,Soldadura,2,0,1,1,1,1,1,1,0,0,0
2022,12,33,0,14,Corte y esmerilado,3,0,0,1,1,1,0,1,0,0,0
2022,12,27,0,17,Corte y esmerilado,2,0,0,1,0,1,0,1,0,0,0
2022,12,45,0,17,Soldadura,2,0,0,1,1,1,0,1,0,0,0
2022,12,45,0,3,Montaje,3,0,0,1,1,1,0,1,0,0,0
2022,12,54,0,10,Corte y esmerilado,1,0,1,1,1,0,0,1,0,0,0
2022,12,27,0,15,Trabajo en altura,2,0,1,1,1,1,0,1,0,0,0
2022,12,30,0,15,Soldadura,3,0,1,1,0,1,0,1,0,0,0
2022,12,33,0,7,Trabajo en altura,1,0,0,1,0,1,1,1,0,0,0
2022,12,37,0,9,Montaje,2,1,0,1,1,1,0,1,0,0,0
2022,12,33,0,1,Trabajo en altura,2,0,0,1,0,0,0,1,0,0,0
2022,12,47,0,12,Corte y esmerilado,3,1,1,0,1,1,0,1,0,0,0
2022,12,22,1,0,Soldadura,1,0,1,1,1,1,0,1,0,0,0
2022,12,32,0,9,Trabajo en altura,1,1,0,0,1,1,1,1,0,0,0
2022,12,18,1,0,Soldadura,1,0,1,1,1,1,0,1,0,0,0
2022,12,22,1,2,Soldadura,1,0,0,1,1,0,1,1,1,0,1
2022,12,52,0,3,Trabajo en altura,3,0,0,1,1,1,0,1,0,0,0
2022,12,53,0,13,Corte y esmerilado,2,1,1,1,1,1,0,1,0,0,0
2022,12,51,0,12,Soldadura,2,0,0,0,1,0,0,1,0,0,0
2022,12,47,0,11,Corte y esmerilado,1,0,1,1,1,1,0,1,0,0,0
2022,12,31,0,4,Soldadura,3,0,0,1,1,0,1,1,0,0,0
2022,12,41,0,6,Montaje,1,1,0,1,0,1,0,1,0,0,0
2023,1,49,0,6,Montaje,2,0,0,1,1,0,1,1,1,0,1
2023,1,38,0,14,Trabajo en altura,2,0,0,1,1,1,0,1,0,0,0
2023,1,24,1,0,Corte y esmerilado,3,0,0,1,1,1,0,1,0,0,0
2023,1,20,1,0,Montaje,1,0,0,1,1,1,0,1,0,0,0
2023,1,32,0,4,Corte y esmerilado,2,0,1,0,0,0,1,1,0,0,0
2023,1,53,0,12,Corte y esmerilado,2,1,0,1,1,0,0,1,0,0,0
2023,1,23,1,0,Corte y esmerilado,2,0,1,1,1,1,0,1,0,0,0
2023,1,38,0,11,Montaje,1,0,1,1,1,1,0,1,0,0,0
2023,1,20,1,1,Soldadura,1,0,1,1,1,1,0,1,0,0,0
2023,1,41,0,5,Manipulación de perfiles,2,1,1,1,1,1,0,1,0,0,0
2023,1,22,1,1,Montaje,3,0,1,1,1,1,0,1,0,0,0
2023,1,18,1,1,Corte y esmerilado,2,0,0,1,1,1,0,1,0,0,0
2023,1,27,0,1,Soldadura,3,0,0,1,1,0,0,1,0,0,0
2023,1,54,0,3,Trabajo en altura,1,0,1,1,1,1,0,1,0,0,0
2023,1,19,1,1,Soldadura,2,0,0,1,1,1,0,1,0,0,0
2023,1,56,0,13,Manipulación de perfiles,2,0,1,1,1,1,0,1,0,0,0
2023,1,50,0,8,Manipulación de perfiles,3,0,1,1,0,1,0,1,0,0,0
2023,1,51,0,6,Manipulación de perfiles,2,0,0,1,1,1,0,1,0,0,0
2023,1,23,1,1,Soldadura,2,1,0,1,1,1,0,1,0,0,0
2023,1,51,0,10,Soldadura,1,0,0,1,1,1,0,1,0,0,0
2023,1,56,0,13,Soldadura,3,0,0,1,1,1,1,1,0,0,0
2023,1,45,0,13,Montaje,1,0,0,1,1,1,0,1,0,0,0
2023,1,18,1,2,Manipulación de perfiles,3,1,1,1,0,0,1,1,1,0,1
2023,1,38,0,11,Manipulación de perfiles,3,0,1,1,1,0,0,1,0,0,0
2023,1,55,0,14,Trabajo en altura,1,0,0,1,1,1,0,1,0,0,0
2023,1,19,1,1,Soldadura,1,1,0,1,0,1,0,1,0,0,0
2023,1,35,0,1,Corte y esmerilado,2,0,0,1,1,1,0,1,0,0,0
2023,1,22,1,2,Trabajo en altura,2,0,1,1,0,1,0,1,0,0,0
2023,1,53,0,17,Soldadura,1,0,0,1,1,1,1,1,0,0,0
2023,1,57,0,9,Montaje,3,1,0,1,1,1,1,1,0,0,0
2023,1,47,0,1,Manipulación de perfiles,2,1,1,1,1,1,0,1,0,0,0
2023,1,34,0,13,Trabajo en altura,3,0,0,1,1,1,0,1,0,0,0
2023,1,22,1,1,Trabajo en altura,2,1,0,1,1,1,1,1,0,0,0
2023,1,56,0,11,Corte y esmerilado,2,0,1,1,1,1,0,1,0,0,0
2023,1,54,0,16,Trabajo en altura,3,1,0,1,1,1,0,1,0,0,0
2023,1,32,0,13,Soldadura,3,0,0,1,1,1,0,1,0,0,0
2023,1,42,0,12,Trabajo en altura,3,0,1,1,1,1,0,1,0,0,0
2023,1,24,1,1,Trabajo en altura,1,0,0,1,0,1,0,1,0,0,0
2023,1,57,0,11,Soldadura,2,1,0,1,0,1,0,1,0,0,0
2023,1,31,0,2,Corte y esmerilado,1,0,0,1,1,0,0,1,0,0,0
2023,2,34,0,5,Trabajo en altura,3,0,1,1,1,1,0,1,1,0,1
2023,2,56,0,17,Montaje,2,0,0,1,1,1,0,1,0,0,0
2023,2,27,0,11,Corte y esmerilado,3,0,1,1,1,1,0,1,0,0,0
2023,2,36,0,10,Manipulación de perfiles,3,0,1,0,1,0,0,1,0,0,0
2023,2,22,1,0,Trabajo en altura,3,0,1,1,1,1,0,1,0,0,0
2023,2,20,1,1,Soldadura,2,0,0,1,1,1,0,1,0,0,0
2023,2,23,1,0,Trabajo en altura,2,0,1,1,1,1,1,1,0,0,0
2023,2,50,0,15,Manipulación de perfiles,3,0,0,1,0,1,0,1,0,0,0
2023,2,35,0,10,Soldadura,2,0,0,1,1,0,0,1,0,0,0
2023,2,18,1,2,Soldadura,3,1,0,1,1,1,0,1,0,0,0
2023,2,19,1,2,Trabajo en altura,3,0,0,1,1,1,0,1,0,0,0
2023,2,18,1,0,Soldadura,2,1,0,1,0,1,0,1,1,0,1
2023,2,22,1,2,Montaje,2,1,0,1,1,0,1,1,0,0,0
2023,2,35,0,1,Manipulación de perfiles,3,0,0,1,0,1,0,1,0,0,0
2023,2,48,0,3,Montaje,2,0,1,1,1,1,1,1,0,0,0
2023,2,37,0,7,Soldadura,2,0,0,1,0,0,0,1,0,0,0
2023,2,22,1,0,Corte y esmerilado,3,0,1,1,1,1,1,1,1,1,0
2023,2,28,0,5,Manipulación de perfiles,2,0,1,1,1,1,0,1,0,0,0
2023,2,38,0,9,Corte y esmerilado,3,0,0,1,1,1,0,1,0,0,0
2023,2,38,0,4,Manipulación de perfiles,3,0,0,1,1,1,1,1,0,0,0
2023,2,23,1,1,Soldadura,3,0,0,1,1,1,0,1,0,0,0
2023,2,35,0,4,Trabajo en altura,2,0,1,1,1,0,0,1,1,0,1
2023,2,19,1,2,Soldadura,2,0,0,1,1,0,1,1,0,0,0
2023,2,21,1,2,Montaje,2,0,1,1,0,1,0,1,0,0,0
2023,2,40,0,14,Soldadura,3,0,0,1,1,0,0,1,0,0,0
2023,2,40,0,10,Corte y esmerilado,3,0,0,1,0,1,0,1,0,0,0
2023,2,52,0,17,Montaje,2,0,0,1,1,1,0,1,0,0,0
2023,2,57,0,15,Montaje,3,0,0,1,0,0,0,1,1,0,1
2023,2,42,0,5,Corte y esmerilado,1,0,1,1,0,1,0,1,0,0,0
2023,2,57,0,6,Corte y esmerilado,2,0,1,1,1,1,0,1,0,0,0
2023,2,36,0,4,Soldadura,3,1,0,1,1,1,0,1,0,0,0
2023,2,47,0,16,Montaje,2,0,0,1,1,0,0,1,0,0,0
2023,2,19,1,0,Trabajo en altura,1,1,1,1,1,1,0,1,0,0,0
2023,2,45,0,13,Corte y esmerilado,2,1,0,1,1,1,0,1,0,0,0
2023,2,21,1,2,Montaje,1,0,0,1,1,1,1,1,0,0,0
2023,2,29,0,6,Montaje,3,0,0,1,1,1,0,1,0,0,0
2023,2,20,1,1,Trabajo en altura,2,0,0,1,1,1,0,1,0,0,0
2023,2,38,0,14,Manipulación de perfiles,1,1,1,1,1,1,0,1,0,0,0
2023,2,32,0,9,Montaje,1,0,0,1,1,1,0,1,0,0,0
2023,2,50,0,10,Soldadura,3,0,1,0,1,1,0,1,0,0,0
2023,3,38,0,3,Corte y esmerilado,3,0,0,1,1,1,0,0,0,0,0
2023,3,20,1,1,Soldadura,1,0,1,0,1,1,0,0,0,0,0
2023,3,30,0,15,Soldadura,2,0,0,1,1,1,0,0,0,0,0
2023,3,34,0,5,Manipulación de perfiles,3,0,0,1,1,0,0,0,0,0,0
2023,3,42,0,11,Corte y esmerilado,2,0,0,1,1,1,0,0,1,0,1
2023,3,50,0,14,Trabajo en altura,1,0,0,1,0,1,0,0,0,0,0
2023,3,45,0,16,Trabajo en altura,2,0,0,1,1,1,0,0,0,0,0
2023,3,53,0,8,Montaje,3,0,1,1,1,1,0,0,0,0,0
2023,3,53,0,7,Soldadura,2,0,0,1,1,1,0,0,0,0,0
2023,3,24,1,1,Manipulación de perfiles,3,0,1,1,1,1,0,0,0,0,0
2023,3,24,1,1,Corte y esmerilado,2,1,0,1,1,1,0,0,0,0,0
2023,3,20,1,1,Soldadura,1,0,0,1,1,1,0,0,0,0,0
2023,3,51,0,8,Manipulación de perfiles,2,1,0,1,1,1,0,0,0,0,0
2023,3,19,1,1,Montaje,1,0,0,1,1,1,0,0,0,0,0
2023,3,18,1,1,Trabajo en altura,2,1,0,1,1,1,0,0,0,0,0
2023,3,20,1,0,Trabajo en altura,3,0,0,1,1,1,0,0,0,0,0
2023,3,20,1,0,Soldadura,1,1,1,1,1,1,0,0,0,0,0
2023,3,18,1,0,Trabajo en altura,2,1,0,1,1,1,1,0,0,0,0
2023,3,33,0,10,Trabajo en altura,1,1,0,1,1,1,0,0,0,0,0
2023,3,48,0,17,Trabajo en altura,3,0,0,1,1,0,1,0,0,0,0
2023,3,32,0,5,Soldadura,2,0,1,1,0,1,0,0,0,0,0
2023,3,24,1,2,Soldadura,1,1,0,1,0,1,0,0,0,0,0
2023,3,21,1,1,Corte y esmerilado,3,0,0,1,0,1,0,0,0,0,0
2023,3,25,0,7,Montaje,3,1,0,1,0,1,0,0,1,0,1
2023,3,20,1,0,Soldadura,3,0,0,1,1,0,0,0,1,0,1
2023,3,37,0,5,Montaje,3,0,0,1,0,0,0,0,0,0,0
2023,3,28,0,6,Soldadura,3,0,0,1,1,1,0,0,0,0,0
2023,3,52,0,11,Manipulación de perfiles,3,0,1,1,1,1,0,0,0,0,0
2023,3,24,1,0,Soldadura,2,0,1,1,0,0,0,0,0,0,0
2023,3,36,0,6,Corte y esmerilado,2,0,0,1,1,0,0,0,0,0,0
2023,3,35,0,9,Montaje,3,0,0,1,1,1,0,0,0,0,0
2023,3,20,1,1,Corte y esmerilado,2,1,1,1,0,1,0,0,0,0,0
2023,3,40,0,2,Soldadura,2,0,1,1,1,1,0,0,0,0,0
2023,3,19,1,0,Trabajo en altura,1,0,0,1,1,0,0,0,0,0,0
2023,3,32,0,2,Corte y esmerilado,2,0,0,1,1,0,1,0,1,0,1
2023,3,27,0,17,Montaje,2,1,0,1,1,0,0,0,0,0,0
2023,3,25,0,8,Montaje,2,0,1,1,1,1,0,0,1,1,0
2023,3,18,1,2,Trabajo en altura,1,0,1,1,1,0,0,0,0,0,0
2023,3,37,0,9,Corte y esmerilado,2,0,1,0,1,0,0,0,0,0,0
2023,3,28,0,4,Corte y esmerilado,1,0,0,1,1,1,0,0,0,0,0
2023,4,19,1,2,Corte y esmerilado,2,0,1,1,1,0,0,0,0,0,0
2023,4,33,0,15,Trabajo en altura,2,1,0,1,1,1,1,0,0,0,0
2023,4,19,1,0,Manipulación de perfiles,1,0,0,1,0,1,0,0,0,0,0
2023,4,29,0,17,Montaje,2,0,1,1,0,0,0,0,0,0,0
2023,4,45,0,3,Trabajo en altura,2,0,1,1,1,1,0,0,0,0,0
2023,4,18,1,1,Trabajo en altura,3,0,0,1,1,1,1,0,0,0,0
2023,4,21,1,0,Manipulación de perfiles,2,0,0,1,1,1,0,0,0,0,0
2023,4,21,1,1,Montaje,2,1,1,1,1,1,0,0,0,0,0
2023,4,18,1,0,Trabajo en altura,3,0,0,1,1,1,0,0,0,0,0
2023,4,26,0,8,Corte y esmerilado,2,1,1,1,1,0,0,0,0,0,0
2023,4,47,0,5,Soldadura,1,0,1,1,1,1,0,0,0,0,0
2023,4,43,0,17,Trabajo en altura,3,1,1,1,1,0,0,0,1,1,0
2023,4,26,0,17,Corte y esmerilado,3,0,0,1,1,1,0,0,0,0,0
2023,4,52,0,13,Montaje,1,0,0,1,1,1,0,0,0,0,0
2023,4,38,0,16,Trabajo en altura,2,0,0,1,0,1,0,0,0,0,0
2023,4,51,0,11,Manipulación de perfiles,2,0,0,1,1,1,0,0,0,0,0
2023,4,24,1,2,Trabajo en altura,3,1,1,1,1,1,0,0,0,0,0
2023,4,53,0,12,Trabajo en altura,2,0,0,0,1,0,0,0,0,0,0
2023,4,21,1,1,Soldadura,3,0,0,0,1,0,0,0,0,0,0
2023,4,28,0,14,Montaje,1,0,1,1,1,1,1,0,0,0,0
2023,4,19,1,2,Trabajo en altura,3,0,0,1,1,1,1,0,0,0,0
2023,4,18,1,1,Manipulación de perfiles,1,0,0,1,0,1,0,0,0,0,0
2023,4,37,0,6,Manipulación de perfiles,2,0,0,1,1,1,1,0,0,0,0
2023,4,34,0,12,Trabajo en altura,3,1,0,1,1,1,0,0,0,0,0
2023,4,42,0,17,Manipulación de perfiles,3,0,0,1,1,1,1,0,0,0,0
2023,4,23,1,1,Montaje,2,1,0,1,1,1,0,0,0,0,0
2023,4,25,0,16,Montaje,1,1,0,1,0,1,0,0,0,0,0
2023,4,47,0,12,Corte y esmerilado,2,1,0,1,1,1,0,0,0,0,0
2023,4,21,1,1,Manipulación de perfiles,3,1,0,1,1,1,0,0,0,0,0
2023,4,52,0,16,Manipulación de perfiles,1,1,0,0,1,1,0,0,0,0,0
2023,4,53,0,17,Manipulación de perfiles,1,1,0,1,1,1,0,0,0,0,0
2023,4,18,1,1,Soldadura,3,0,1,1,1,1,0,0,0,0,0
2023,4,24,1,0,Manipulación de perfiles,1,0,0,1,1,1,0,0,0,0,0
2023,4,18,1,0,Trabajo en altura,2,0,0,1,1,1,0,0,0,0,0
2023,4,53,0,12,Corte y esmerilado,3,1,1,1,1,1,0,0,0,0,0
2023,4,54,0,4,Manipulación de perfiles,3,0,0,0,1,1,0,0,0,0,0
2023,4,19,1,1,Corte y esmerilado,2,0,0,1,1,1,1,0,0,0,0
2023,4,28,0,6,Montaje,1,0,1,1,1,1,0,0,0,0,0
2023,4,56,0,8,Trabajo en altura,1,0,0,1,1,1,0,0,0,0,0
2023,4,24,1,2,Corte y esmerilado,3,0,0,1,0,1,0,0,0,0,0
2023,5,51,0,3,Soldadura,2,0,0,1,1,1,0,0,0,0,0
2023,5,23,1,0,Soldadura,2,0,0,1,1,1,1,0,0,0,0
2023,5,24,1,2,Manipulación de perfiles,1,0,1,1,1,1,1,0,0,0,0
2023,5,56,0,6,Corte y esmerilado,2,0,0,1,1,1,0,0,0,0,0
2023,5,55,0,14,Soldadura,1,1,0,1,1,1,0,0,0,0,0
2023,5,57,0,1,Manipulación de perfiles,3,0,1,1,1,1,0,0,0,0,0
2023,5,48,0,1,Montaje,1,0,0,1,1,1,0,0,0,0,0
2023,5,54,0,2,Montaje,1,1,0,1,1,1,0,0,0,0,0
2023,5,20,1,2,Corte y esmerilado,2,0,0,1,0,1,0,0,0,0,0
2023,5,45,0,10,Manipulación de perfiles,3,0,0,1,1,1,1,0,0,0,0
2023,5,24,1,1,Soldadura,1,0,0,1,0,1,0,0,0,0,0
2023,5,30,0,14,Montaje,2,0,0,1,1,1,0,0,0,0,0
2023,5,24,1,0,Trabajo en altura,1,0,0,1,1,1,0,0,0,0,0
2023,5,23,1,1,Trabajo en altura,2,0,0,1,1,0,0,0,0,0,0
2023,5,23,1,0,Trabajo en altura,2,0,0,1,1,1,0,0,0,0,0
2023,5,28,0,7,Manipulación de perfiles,2,0,1,1,1,1,0,0,0,0,0
2023,5,24,1,2,Corte y esmerilado,3,1,0,1,0,1,0,0,0,0,0
2023,5,29,0,10,Manipulación de perfiles,2,0,0,1,1,1,0,0,0,0,0
2023,5,22,1,2,Corte y esmerilado,1,0,1,1,1,1,0,0,0,0,0
2023,5,18,1,2,Manipulación de perfiles,1,0,1,1,1,1,0,0,0,0,0
2023,5,41,0,10,Soldadura,3,0,0,1,1,1,1,0,0,0,0
2023,5,35,0,15,Trabajo en altura,3,1,1,1,0,0,0,0,0,0,0
2023,5,43,0,5,Manipulación de perfiles,3,0,0,1,1,1,0,0,0,0,0
2023,5,39,0,2,Manipulación de perfiles,3,0,0,1,1,1,0,0,0,0,0
2023,5,18,1,0,Manipulación de perfiles,1,0,0,1,1,1,0,0,0,0,0
2023,5,32,0,17,Montaje,3,0,0,1,1,0,0,0,0,0,0
2023,5,20,1,0,Manipulación de perfiles,1,0,0,1,0,1,1,0,0,0,0
2023,5,18,1,0,Soldadura,2,0,0,1,1,1,0,0,0,0,0
2023,5,49,0,9,Manipulación de perfiles,2,1,0,1,1,1,0,0,0,0,0
2023,5,34,0,3,Corte y esmerilado,3,0,1,1,1,1,0,0,0,0,0
2023,5,21,1,0,Soldadura,1,0,0,1,1,0,1,0,0,0,0
2023,5,43,0,12,Manipulación de perfiles,3,1,0,1,1,1,1,0,0,0,0
2023,5,21,1,0,Soldadura,3,0,1,1,1,1,0,0,0,0,0
2023,5,56,0,14,Trabajo en altura,2,0,0,1,0,0,0,0,0,0,0
2023,5,37,0,14,Soldadura,2,0,0,1,1,1,0,0,0,0,0
2023,5,18,1,2,Montaje,3,0,1,1,1,0,1,0,0,0,0
2023,5,57,0,9,Soldadura,1,0,1,1,0,1,0,0,0,0,0
2023,5,41,0,1,Corte y esmerilado,3,1,1,1,1,1,0,0,0,0,0
2023,5,41,0,12,Montaje,3,1,0,1,0,1,0,0,0,0,0
2023,5,29,0,16,Montaje,3,0,0,1,1,1,0,0,0,0,0
2023,6,19,1,2,Manipulación de perfiles,1,0,0,1,0,1,0,0,0,0,0
2023,6,51,0,14,Corte y esmerilado,3,0,0,1,0,1,1,0,0,0,0
2023,6,36,0,4,Corte y esmerilado,3,0,1,1,1,1,0,0,1,1,0
2023,6,52,0,17,Corte y esmerilado,3,0,1,1,0,1,1,0,1,0,1
2023,6,53,0,7,Soldadura,1,1,0,1,1,1,0,0,1,0,1
2023,6,35,0,13,Trabajo en altura,2,0,0,1,1,1,0,0,0,0,0
2023,6,53,0,2,Trabajo en altura,3,1,1,1,1,1,0,0,0,0,0
2023,6,27,0,5,Montaje,3,1,0,1,1,1,0,0,0,0,0
2023,6,54,0,4,Corte y esmerilado,2,0,0,1,1,1,1,0,1,0,1
2023,6,20,1,0,Soldadura,1,0,1,1,1,1,0,0,0,0,0
2023,6,56,0,7,Soldadura,3,0,1,1,1,0,0,0,0,0,0
2023,6,18,1,0,Trabajo en altura,2,0,0,1,1,1,0,0,0,0,0
2023,6,23,1,1,Trabajo en altura,1,0,0,1,1,1,0,0,0,0,0
2023,6,35,0,12,Trabajo en altura,1,0,1,1,1,1,1,0,0,0,0
2023,6,29,0,4,Corte y esmerilado,2,0,0,1,1,0,0,0,0,0,0
2023,6,41,0,14,Corte y esmerilado,2,0,1,1,1,1,0,0,0,0,0
2023,6,52,0,2,Soldadura,2,0,0,1,1,1,0,0,0,0,0
2023,6,34,0,15,Soldadura,3,0,0,1,1,1,0,0,0,0,0
2023,6,42,0,16,Trabajo en altura,1,0,0,1,0,1,0,0,0,0,0
2023,6,22,1,2,Montaje,1,0,0,1,1,1,0,0,0,0,0
2023,6,26,0,8,Corte y esmerilado,3,0,1,1,0,1,0,0,0,0,0
2023,6,36,0,11,Corte y esmerilado,1,0,1,1,1,0,0,0,0,0,0
2023,6,24,1,1,Trabajo en altura,2,1,1,1,1,1,0,0,0,0,0
2023,6,45,0,10,Trabajo en altura,1,1,0,1,1,1,0,0,0,0,0
2023,6,21,1,0,Manipulación de perfiles,1,0,0,1,1,1,1,0,0,0,0
2023,6,26,0,15,Trabajo en altura,1,0,1,1,1,1,0,0,0,0,0
2023,6,51,0,14,Trabajo en altura,1,0,1,1,0,1,1,0,1,0,1
2023,6,27,0,11,Soldadura,3,0,1,0,1,1,0,0,0,0,0
2023,6,18,1,0,Trabajo en altura,2,0,0,1,1,1,0,0,0,0,0
2023,6,18,1,0,Corte y esmerilado,2,0,0,1,1,1,1,0,0,0,0
2023,6,20,1,0,Manipulación de perfiles,1,1,0,1,1,1,0,0,0,0,0
2023,6,36,0,7,Manipulación de perfiles,1,0,1,1,0,0,0,0,0,0,0
2023,6,23,1,0,Trabajo en altura,2,0,0,1,1,1,0,0,0,0,0
2023,6,56,0,13,Manipulación de perfiles,3,0,1,0,1,1,0,0,0,0,0
2023,6,33,0,11,Montaje,3,1,0,1,1,1,1,0,0,0,0
2023,6,40,0,2,Trabajo en altura,2,0,0,1,1,1,0,0,0,0,0
2023,6,51,0,9,Manipulación de perfiles,1,0,0,1,1,1,0,0,0,0,0
2023,6,21,1,1,Montaje,3,0,0,1,1,1,0,0,0,0,0
2023,6,24,1,0,Trabajo en altura,3,0,1,1,0,1,1,0,0,0,0
2023,6,24,1,0,Corte y esmerilado,1,0,0,1,1,1,0,0,0,0,0
2023,7,22,1,2,Corte y esmerilado,2,0,1,1,0,1,1,0,0,0,0
2023,7,50,0,16,Trabajo en altura,2,0,0,0,1,1,0,0,0,0,0
2023,7,51,0,8,Trabajo en altura,1,0,0,1,1,0,0,0,0,0,0
2023,7,18,1,0,Corte y esmerilado,2,0,0,1,1,1,0,0,0,0,0
2023,7,41,0,9,Manipulación de perfiles,1,1,0,1,1,1,0,0,0,0,0
2023,7,54,0,2,Corte y esmerilado,2,0,1,1,1,0,0,0,0,0,0
2023,7,22,1,1,Trabajo en altura,2,0,0,1,1,1,0,0,0,0,0
2023,7,37,0,13,Trabajo en altura,1,0,1,1,1,1,0,0,0,0,0
2023,7,19,1,0,Manipulación de perfiles,2,0,0,1,1,1,0,0,0,0,0
2023,7,24,1,1,Corte y esmerilado,1,0,1,1,1,0,0,0,1,1,0
2023,7,52,0,2,Soldadura,2,0,1,1,1,1,0,0,0,0,0
2023,7,26,0,15,Manipulación de perfiles,3,0,0,1,1,1,1,0,0,0,0
2023,7,21,1,0,Soldadura,2,0,0,1,1,1,1,0,0,0,0
2023,7,23,1,2,Corte y esmerilado,3,0,0,1,0,1,0,0,0,0,0
2023,7,22,1,2,Soldadura,3,0,0,1,1,1,0,0,0,0,0
2023,7,20,1,2,Manipulación de perfiles,1,1,1,1,1,1,0,0,0,0,0
2023,7,29,0,2,Soldadura,3,0,0,1,1,1,0,0,0,0,0
2023,7,23,1,1,Montaje,1,0,0,0,1,0,0,0,0,0,0
2023,7,55,0,17,Soldadura,1,1,1,1,1,1,0,0,0,0,0
2023,7,43,0,12,Soldadura,3,1,1,1,1,1,0,0,0,0,0
2023,7,24,1,2,Soldadura,2,0,0,1,1,1,0,0,0,0,0
2023,7,44,0,9,Trabajo en altura,1,0,0,1,1,1,0,0,0,0,0
2023,7,44,0,2,Manipulación de perfiles,2,0,0,1,1,1,0,0,0,0,0
2023,7,46,0,12,Soldadura,2,0,0,1,1,1,0,0,0,0,0
2023,7,24,1,1,Montaje,3,0,1,1,1,1,0,0,0,0,0
2023,7,19,1,1,Manipulación de perfiles,3,1,1,1,1,1,0,0,0,0,0
2023,7,22,1,0,Trabajo en altura,1,0,1,0,1,1,0,0,0,0,0
2023,7,49,0,4,Trabajo en altura,2,0,0,1,1,1,0,0,0,0,0
2023,7,56,0,2,Manipulación de perfiles,3,0,0,1,1,1,1,0,0,0,0
2023,7,31,0,17,Corte y esmerilado,1,0,0,1,1,1,1,0,0,0,0
2023,7,18,1,2,Manipulación de perfiles,2,0,0,0,1,0,0,0,0,0,0
2023,7,54,0,15,Corte y esmerilado,2,0,0,1,1,0,1,0,0,0,0
2023,7,52,0,17,Corte y esmerilado,2,0,0,1,1,1,0,0,0,0,0
2023,7,18,1,2,Corte y esmerilado,1,0,0,1,1,0,0,0,0,0,0
2023,7,40,0,1,Corte y esmerilado,2,0,0,1,1,1,1,0,0,0,0
2023,7,31,0,9,Montaje,3,0,0,1,1,1,0,0,0,0,0
2023,7,29,0,8,Soldadura,2,1,0,1,1,1,0,0,0,0,0
2023,7,22,1,1,Trabajo en altura,3,1,0,0,1,1,0,0,0,0,0
2023,7,21,1,1,Corte y esmerilado,1,1,0,1,0,1,0,0,0,0,0
2023,7,21,1,2,Corte y esmerilado,2,0,1,1,1,1,1,0,0,0,0
2023,8,42,0,15,Soldadura,2,0,1,1,1,0,0,0,0,0,0
2023,8,36,0,16,Soldadura,3,0,0,1,1,1,0,0,0,0,0
2023,8,31,0,3,Manipulación de perfiles,1,0,0,1,1,1,0,0,0,0,0
2023,8,22,1,2,Corte y esmerilado,3,0,0,1,0,1,0,0,0,0,0
2023,8,38,0,8,Montaje,3,0,0,1,1,1,0,0,0,0,0
2023,8,55,0,3,Montaje,3,1,0,1,0,1,0,0,0,0,0
2023,8,19,1,2,Soldadura,3,1,0,1,1,1,0,0,0,0,0
2023,8,23,1,1,Soldadura,3,0,1,1,1,1,0,0,0,0,0
2023,8,20,1,1,Manipulación de perfiles,1,0,1,1,1,1,0,0,0,0,0
2023,8,39,0,7,Soldadura,3,0,0,1,0,0,0,0,0,0,0
2023,8,24,1,0,Montaje,3,1,1,1,1,0,1,0,1,0,1
2023,8,48,0,14,Montaje,2,0,1,1,1,1,0,0,0,0,0
2023,8,42,0,6,Manipulación de perfiles,2,0,0,1,1,1,1,0,0,0,0
2023,8,19,1,1,Montaje,1,0,0,1,1,1,0,0,0,0,0
2023,8,32,0,13,Manipulación de perfiles,2,0,0,1,1,1,0,0,0,0,0
2023,8,43,0,14,Montaje,3,0,0,0,1,0,0,0,0,0,0
2023,8,24,1,2,Soldadura,1,0,0,0,1,1,0,0,0,0,0
2023,8,32,0,11,Manipulación de perfiles,2,0,0,1,1,1,1,0,0,0,0
2023,8,30,0,11,Montaje,2,0,0,1,1,1,0,0,0,0,0
2023,8,47,0,7,Corte y esmerilado,1,0,0,1,0,1,0,0,0,0,0
2023,8,57,0,14,Manipulación de perfiles,3,0,0,1,1,0,0,0,0,0,0
2023,8,39,0,3,Trabajo en altura,1,0,0,1,1,1,0,0,0,0,0
2023,8,19,1,2,Manipulación de perfiles,2,0,0,1,1,1,1,0,0,0,0
2023,8,24,1,1,Montaje,2,1,0,1,1,1,0,0,0,0,0
2023,8,35,0,15,Montaje,2,0,1,1,0,1,0,0,0,0,0
2023,8,43,0,12,Montaje,2,0,0,1,1,0,0,0,0,0,0
2023,8,24,1,0,Montaje,2,0,1,1,0,1,0,0,0,0,0
2023,8,56,0,6,Soldadura,2,0,1,1,1,0,0,0,0,0,0
2023,8,23,1,0,Trabajo en altura,1,1,0,1,1,1,0,0,0,0,0
2023,8,54,0,1,Trabajo en altura,2,0,0,1,0,1,0,0,0,0,0
2023,8,49,0,10,Trabajo en altura,3,1,0,1,1,1,0,0,0,0,0
2023,8,48,0,2,Manipulación de perfiles,2,0,0,1,1,0,0,0,0,0,0
2023,8,29,0,1,Trabajo en altura,3,0,0,1,1,0,0,0,0,0,0
2023,8,24,1,1,Trabajo en altura,2,0,0,0,1,1,1,0,0,0,0
2023,8,20,1,1,Soldadura,1,1,0,1,1,1,0,0,0,0,0
2023,8,18,1,2,Manipulación de perfiles,1,0,0,1,1,1,1,0,0,0,0
2023,8,54,0,14,Montaje,3,1,1,0,1,1,0,0,0,0,0
2023,8,47,0,6,Trabajo en altura,2,1,0,1,0,1,0,0,0,0,0
2023,8,35,0,14,Corte y esmerilado,2,1,0,0,1,0,1,0,0,0,0
2023,8,52,0,4,Soldadura,3,0,1,1,1,0,0,0,0,0,0
2023,9,40,0,17,Montaje,3,0,1,1,1,0,0,0,0,0,0
2023,9,44,0,9,Montaje,1,0,0,1,1,1,0,0,0,0,0
2023,9,55,0,1,Montaje,2,1,0,1,1,1,0,0,0,0,0
2023,9,20,1,0,Trabajo en altura,1,0,0,1,1,1,0,0,0,0,0
2023,9,20,1,2,Montaje,3,0,0,1,1,1,0,0,0,0,0
2023,9,18,1,2,Soldadura,2,0,0,1,1,0,0,0,0,0,0
2023,9,28,0,16,Soldadura,1,0,0,1,0,1,0,0,0,0,0
2023,9,56,0,9,Montaje,2,0,0,1,1,1,0,0,0,0,0
2023,9,38,0,9,Corte y esmerilado,1,0,0,1,1,1,1,0,0,0,0
2023,9,30,0,17,Manipulación de perfiles,1,0,0,1,1,1,0,0,0,0,0
2023,9,52,0,3,Corte y esmerilado,1,0,0,1,1,1,1,0,0,0,0
2023,9,19,1,1,Corte y esmerilado,1,0,0,1,1,1,0,0,0,0,0
2023,9,22,1,0,Manipulación de perfiles,3,0,0,1,0,1,0,0,0,0,0
2023,9,20,1,0,Montaje,2,0,0,1,0,1,1,0,0,0,0
2023,9,45,0,2,Soldadura,3,0,0,1,1,1,0,0,0,0,0
2023,9,29,0,4,Manipulación de perfiles,1,1,0,1,1,1,0,0,0,0,0
2023,9,56,0,4,Trabajo en altura,1,0,0,0,1,1,0,0,0,0,0
2023,9,43,0,5,Soldadura,2,0,0,1,1,1,0,0,0,0,0
2023,9,32,0,10,Trabajo en altura,3,0,1,1,1,1,0,0,0,0,0
2023,9,18,1,1,Soldadura,2,0,1,1,1,1,0,0,0,0,0
2023,9,31,0,1,Manipulación de perfiles,3,1,1,1,1,1,0,0,0,0,0
2023,9,49,0,3,Montaje,3,1,0,1,1,1,0,0,0,0,0
2023,9,20,1,2,Soldadura,1,1,0,0,1,0,1,0,0,0,0
2023,9,49,0,11,Corte y esmerilado,2,1,0,1,1,1,0,0,0,0,0
2023,9,54,0,12,Manipulación de perfiles,3,1,0,1,1,1,0,0,0,0,0
2023,9,22,1,2,Corte y esmerilado,3,0,0,1,1,0,0,0,0,0,0
2023,9,57,0,11,Corte y esmerilado,2,0,1,1,0,1,0,0,0,0,0
2023,9,20,1,0,Montaje,3,0,1,1,1,1,0,0,0,0,0
2023,9,27,0,10,Corte y esmerilado,1,0,0,0,1,1,0,0,0,0,0
2023,9,39,0,15,Montaje,2,1,0,1,1,1,0,0,0,0,0
2023,9,44,0,1,Corte y esmerilado,2,0,0,1,1,0,1,0,0,0,0
2023,9,19,1,1,Montaje,3,0,1,1,0,1,0,0,1,0,1
2023,9,46,0,13,Soldadura,3,0,0,0,0,1,0,0,0,0,0
2023,9,22,1,0,Soldadura,3,1,1,1,1,0,0,0,1,1,0
2023,9,19,1,2,Trabajo en altura,2,0,0,1,0,1,1,0,0,0,0
2023,9,35,0,13,Trabajo en altura,1,1,0,1,0,1,0,0,0,0,0
2023,9,18,1,2,Corte y esmerilado,3,0,0,1,0,1,1,0,0,0,0
2023,9,34,0,10,Manipulación de perfiles,3,0,0,1,1,0,0,0,0,0,0
2023,9,22,1,1,Manipulación de perfiles,2,0,0,1,0,0,0,0,0,0,0
2023,9,38,0,8,Montaje,1,1,0,1,1,1,0,0,0,0,0
2023,10,24,1,0,Manipulación de perfiles,3,0,0,1,1,1,0,0,0,0,0
2023,10,26,0,17,Corte y esmerilado,1,1,1,1,1,1,1,0,0,0,0
2023,10,19,1,1,Montaje,2,1,0,1,1,1,0,0,0,0,0
2023,10,19,1,2,Soldadura,2,0,0,1,0,0,0,0,0,0,0
2023,10,45,0,11,Montaje,1,1,0,1,0,1,0,0,0,0,0
2023,10,18,1,1,Corte y esmerilado,1,0,0,1,1,0,0,0,0,0,0
2023,10,19,1,1,Corte y esmerilado,3,0,1,1,1,0,0,0,0,0,0
2023,10,40,0,7,Corte y esmerilado,1,0,0,1,0,0,1,0,0,0,0
2023,10,32,0,6,Montaje,1,1,0,1,1,0,0,0,0,0,0
2023,10,23,1,2,Montaje,3,0,0,1,1,0,0,0,1,0,1
2023,10,24,1,1,Trabajo en altura,3,0,0,1,1,1,0,0,0,0,0
2023,10,23,1,1,Soldadura,3,0,0,1,1,1,0,0,0,0,0
2023,10,53,0,4,Manipulación de perfiles,3,1,0,1,1,0,0,0,0,0,0
2023,10,24,1,1,Montaje,2,0,0,1,0,1,0,0,0,0,0
2023,10,57,0,15,Corte y esmerilado,3,0,0,1,1,0,0,0,0,0,0
2023,10,26,0,15,Corte y esmerilado,3,0,0,1,1,1,0,0,0,0,0
2023,10,20,1,2,Manipulación de perfiles,3,0,0,1,1,1,0,0,0,0,0
2023,10,46,0,1,Soldadura,3,0,0,1,1,0,0,0,0,0,0
2023,10,35,0,17,Trabajo en altura,2,1,0,1,1,1,1,0,0,0,0
2023,10,27,0,7,Manipulación de perfiles,2,0,0,1,1,1,0,0,0,0,0
2023,10,53,0,8,Manipulación de perfiles,1,0,0,0,1,1,0,0,0,0,0
2023,10,40,0,16,Soldadura,2,0,0,1,1,0,0,0,0,0,0
2023,10,33,0,3,Trabajo en altura,3,0,0,1,1,1,0,0,0,0,0
2023,10,51,0,2,Montaje,3,1,0,1,1,1,0,0,0,0,0
2023,10,24,1,1,Soldadura,1,0,0,1,1,0,0,0,0,0,0
2023,10,24,1,1,Montaje,2,0,1,1,1,0,0,0,0,0,0
2023,10,34,0,14,Montaje,1,1,1,1,1,1,0,0,0,0,0
2023,10,25,0,9,Soldadura,1,0,0,1,0,1,0,0,0,0,0
2023,10,32,0,2,Soldadura,3,0,0,1,1,1,1,0,0,0,0
2023,10,28,0,14,Corte y esmerilado,2,0,1,1,1,1,0,0,0,0,0
2023,10,18,1,0,Trabajo en altura,2,0,0,1,1,1,0,0,0,0,0
2023,10,39,0,9,Manipulación de perfiles,2,0,0,1,1,1,0,0,0,0,0
2023,10,30,0,6,Trabajo en altura,1,0,0,1,0,1,0,0,0,0,0
2023,10,37,0,9,Montaje,1,0,0,1,1,1,1,0,0,0,0
2023,10,55,0,10,Manipulación de perfiles,1,1,0,1,1,1,0,0,0,0,0
2023,10,26,0,2,Corte y esmerilado,2,0,0,1,1,0,0,0,0,0,0
2023,10,41,0,10,Corte y esmerilado,2,0,1,1,1,0,0,0,0,0,0
2023,10,34,0,9,Soldadura,2,0,0,1,1,0,0,0,0,0,0
2023,10,38,0,15,Corte y esmerilado,3,0,0,1,1,1,0,0,0,0,0
2023,10,51,0,15,Trabajo en altura,3,0,1,0,1,1,0,0,0,0,0
2023,11,33,0,10,Manipulación de perfiles,3,0,1,1,1,0,1,1,0,0,0
2023,11,47,0,6,Manipulación de perfiles,1,1,1,1,1,0,1,1,1,0,1
2023,11,27,0,2,Manipulación de perfiles,3,0,1,1,1,1,0,1,0,0,0
2023,11,20,1,2,Montaje,1,0,0,1,1,1,1,1,0,0,0
2023,11,48,0,1,Corte y esmerilado,3,0,0,1,1,1,0,1,0,0,0
2023,11,50,0,11,Soldadura,1,1,0,1,1,1,1,1,0,0,0
2023,11,21,1,1,Soldadura,2,1,0,1,1,1,0,1,0,0,0
2023,11,48,0,9,Soldadura,3,0,0,1,1,0,0,1,0,0,0
2023,11,25,0,17,Corte y esmerilado,2,0,0,1,0,1,1,1,0,0,0
2023,11,23,1,2,Montaje,3,1,1,1,1,1,1,1,0,0,0
2023,11,56,0,14,Manipulación de perfiles,3,0,0,1,1,1,0,1,0,0,0
2023,11,35,0,2,Soldadura,2,0,0,1,1,0,0,1,0,0,0
2023,11,32,0,12,Montaje,3,0,0,0,1,1,0,1,0,0,0
2023,11,28,0,5,Manipulación de perfiles,3,0,0,1,0,0,0,1,0,0,0
2023,11,57,0,16,Trabajo en altura,2,1,0,1,1,1,0,1,0,0,0
2023,11,21,1,1,Trabajo en altura,1,0,0,1,0,1,1,1,0,0,0
2023,11,30,0,8,Corte y esmerilado,1,0,0,1,1,0,0,1,0,0,0
2023,11,47,0,15,Montaje,3,1,0,1,1,1,0,1,0,0,0
2023,11,18,1,2,Montaje,2,0,0,1,1,0,0,1,0,0,0
2023,11,31,0,5,Soldadura,1,1,0,1,0,1,0,1,0,0,0
2023,11,20,1,0,Manipulación de perfiles,3,1,0,1,0,0,1,1,0,0,0
2023,11,55,0,4,Montaje,2,0,0,1,1,1,0,1,0,0,0
2023,11,38,0,14,Manipulación de perfiles,3,0,0,1,1,1,1,1,0,0,0
2023,11,33,0,16,Montaje,1,0,0,1,1,1,0,1,0,0,0
2023,11,19,1,0,Montaje,3,0,0,1,1,1,0,1,0,0,0
2023,11,24,1,0,Trabajo en altura,1,0,0,1,1,1,0,1,0,0,0
2023,11,19,1,2,Corte y esmerilado,2,1,0,1,1,1,0,1,0,0,0
2023,11,36,0,17,Corte y esmerilado,1,0,0,1,1,1,0,1,0,0,0
2023,11,47,0,10,Montaje,1,0,0,1,1,1,0,1,0,0,0
2023,11,20,1,1,Corte y esmerilado,2,0,1,0,0,1,0,1,1,1,0
2023,11,18,1,2,Montaje,1,0,0,1,0,0,0,1,0,0,0
2023,11,21,1,2,Manipulación de perfiles,2,0,0,1,1,1,0,1,0,0,0
2023,11,24,1,0,Montaje,1,1,1,1,1,1,0,1,0,0,0
2023,11,34,0,2,Manipulación de perfiles,2,0,0,1,1,1,0,1,0,0,0
2023,11,23,1,2,Soldadura,1,0,0,1,1,1,0,1,0,0,0
2023,11,22,1,0,Soldadura,1,0,0,1,1,1,0,1,0,0,0
2023,11,42,0,2,Corte y esmerilado,3,0,0,1,1,1,0,1,0,0,0
2023,11,21,1,0,Trabajo en altura,3,1,0,1,1,1,1,1,0,0,0
2023,11,24,1,0,Soldadura,3,1,1,0,1,1,0,1,0,0,0
2023,11,49,0,7,Corte y esmerilado,1,0,0,1,0,1,0,1,0,0,0
2023,12,50,0,6,Soldadura,3,0,0,0,1,1,0,1,0,0,0
2023,12,25,0,4,Montaje,1,0,0,1,1,1,0,1,0,0,0
2023,12,24,1,1,Montaje,3,0,0,1,1,1,0,1,0,0,0
2023,12,41,0,4,Soldadura,2,0,0,1,0,1,0,1,0,0,0
2023,12,22,1,2,Trabajo en altura,1,0,1,1,0,1,1,1,0,0,0
2023,12,22,1,1,Corte y esmerilado,3,0,0,1,1,1,0,1,0,0,0
2023,12,49,0,4,Trabajo en altura,2,0,0,1,1,1,0,1,0,0,0
2023,12,30,0,5,Soldadura,3,0,1,1,1,1,0,1,0,0,0
2023,12,18,1,1,Manipulación de perfiles,1,0,1,0,0,1,0,1,0,0,0
2023,12,25,0,8,Soldadura,3,0,0,1,1,1,0,1,0,0,0
2023,12,52,0,14,Corte y esmerilado,3,0,0,1,1,1,0,1,0,0,0
2023,12,27,0,3,Soldadura,2,0,0,1,0,1,0,1,0,0,0
2023,12,51,0,1,Trabajo en altura,2,0,0,1,0,0,1,1,0,0,0
2023,12,18,1,0,Manipulación de perfiles,2,0,1,1,1,1,0,1,0,0,0
2023,12,54,0,9,Trabajo en altura,1,0,0,1,1,1,0,1,0,0,0
2023,12,50,0,8,Corte y esmerilado,2,0,1,1,1,1,0,1,0,0,0
2023,12,25,0,5,Soldadura,2,1,1,1,1,1,1,1,0,0,0
2023,12,22,1,1,Soldadura,2,0,0,0,1,1,0,1,0,0,0
2023,12,36,0,5,Soldadura,2,0,0,1,1,1,0,1,0,0,0
2023,12,36,0,11,Montaje,2,1,0,1,1,0,0,1,0,0,0
2023,12,20,1,0,Corte y esmerilado,1,0,1,1,0,1,0,1,0,0,0
2023,12,24,1,1,Montaje,1,0,0,1,1,0,1,1,0,0,0
2023,12,21,1,0,Corte y esmerilado,3,0,1,1,0,1,0,1,0,0,0
2023,12,21,1,1,Trabajo en altura,2,0,0,1,1,0,1,1,0,0,0
2023,12,22,1,0,Corte y esmerilado,1,0,0,1,1,1,0,1,0,0,0
2023,12,57,0,2,Corte y esmerilado,3,1,0,1,1,1,0,1,0,0,0
2023,12,44,0,17,Soldadura,3,0,0,1,1,1,0,1,0,0,0
2023,12,22,1,0,Corte y esmerilado,2,1,0,1,1,1,0,1,0,0,0
2023,12,44,0,11,Manipulación de perfiles,1,0,0,1,0,1,0,1,0,0,0
2023,12,35,0,8,Montaje,2,0,1,1,1,1,0,1,0,0,0
2023,12,56,0,14,Soldadura,1,1,0,1,1,1,0,1,0,0,0
2023,12,35,0,1,Manipulación de perfiles,2,0,0,1,1,0,0,1,0,0,0
2023,12,21,1,2,Manipulación de perfiles,3,0,1,1,1,1,0,1,0,0,0
2023,12,48,0,12,Manipulación de perfiles,2,0,0,1,1,0,0,1,0,0,0
2023,12,30,0,8,Montaje,2,0,0,1,1,1,0,1,0,0,0
2023,12,24,1,1,Trabajo en altura,3,0,0,0,1,0,1,1,0,0,0
2023,12,45,0,7,Manipulación de perfiles,1,0,0,1,1,0,0,1,0,0,0
2023,12,18,1,2,Corte y esmerilado,1,0,0,1,1,1,0,1,0,0,0
2023,12,50,0,13,Montaje,1,0,0,1,1,1,1,1,0,0,0
2023,12,20,1,2,Trabajo en altura,1,0,0,1,1,1,0,1,0,0,0
2024,1,22,1,2,Corte y esmerilado,1,0,0,1,1,1,0,1,0,0,0
2024,1,20,1,2,Soldadura,2,0,0,1,1,1,1,1,0,0,0
2024,1,38,0,13,Soldadura,1,0,0,1,1,0,0,1,0,0,0
2024,1,25,0,16,Corte y esmerilado,2,1,1,1,1,1,0,1,0,0,0
2024,1,53,0,11,Montaje,2,0,1,1,1,0,0,1,0,0,0
2024,1,20,1,1,Trabajo en altura,3,1,0,1,1,1,0,1,0,0,0
2024,1,52,0,12,Manipulación de perfiles,3,0,0,1,1,0,0,1,0,0,0
2024,1,18,1,1,Soldadura,1,0,0,1,1,1,0,1,0,0,0
2024,1,51,0,1,Montaje,1,0,1,1,1,0,0,1,0,0,0
2024,1,23,1,0,Manipulación de perfiles,3,1,0,1,1,1,0,1,0,0,0
2024,1,21,1,0,Montaje,1,0,0,1,1,1,0,1,0,0,0
2024,1,24,1,0,Manipulación de perfiles,1,0,0,1,1,1,0,1,0,0,0
2024,1,23,1,0,Trabajo en altura,3,0,1,1,1,1,0,1,1,0,1
2024,1,37,0,6,Manipulación de perfiles,1,0,0,1,1,1,1,1,0,0,0
2024,1,21,1,1,Corte y esmerilado,1,0,0,1,1,1,0,1,0,0,0
2024,1,49,0,2,Montaje,2,0,0,1,1,1,0,1,0,0,0
2024,1,19,1,0,Soldadura,1,0,0,1,1,0,1,1,0,0,0
2024,1,40,0,13,Corte y esmerilado,3,1,0,1,1,0,0,1,0,0,0
2024,1,40,0,17,Soldadura,3,1,0,1,1,1,0,1,0,0,0
2024,1,36,0,16,Soldadura,1,0,0,1,1,1,0,1,0,0,0
2024,1,41,0,11,Montaje,1,1,0,1,1,1,1,1,0,0,0
2024,1,29,0,9,Trabajo en altura,3,0,0,1,1,1,0,1,0,0,0
2024,1,34,0,15,Manipulación de perfiles,3,1,0,1,1,1,0,1,0,0,0
2024,1,23,1,1,Corte y esmerilado,3,1,0,1,1,1,0,1,0,0,0
2024,1,23,1,1,Manipulación de perfiles,2,0,0,0,1,1,0,1,0,0,0
2024,1,20,1,0,Manipulación de perfiles,2,1,0,0,1,0,0,1,0,0,0
2024,1,21,1,0,Montaje,2,0,1,1,1,0,0,1,0,0,0
2024,1,26,0,7,Trabajo en altura,3,0,0,1,1,1,1,1,0,0,0
2024,1,39,0,6,Soldadura,3,1,1,1,1,0,0,1,0,0,0
2024,1,21,1,2,Manipulación de perfiles,2,0,1,1,1,1,0,1,0,0,0
2024,1,33,0,16,Montaje,3,0,0,1,1,1,0,1,0,0,0
2024,1,28,0,15,Corte y esmerilado,1,0,0,1,1,1,0,1,0,0,0
2024,1,20,1,0,Trabajo en altura,2,0,1,1,1,1,0,1,0,0,0
2024,1,57,0,12,Manipulación de perfiles,1,0,0,1,1,1,0,1,0,0,0
2024,1,43,0,14,Trabajo en altura,3,0,1,1,1,1,0,1,0,0,0
2024,1,52,0,3,Montaje,3,0,0,1,0,1,1,1,0,0,0
2024,1,39,0,4,Soldadura,1,0,0,1,1,1,0,1,0,0,0
2024,1,19,1,1,Manipulación de perfiles,1,0,0,1,1,1,1,1,0,0,0
2024,1,51,0,9,Trabajo en altura,2,0,0,1,0,0,0,1,0,0,0
2024,1,44,0,15,Montaje,2,0,0,1,1,1,0,1,0,0,0
2024,2,47,0,17,Manipulación de perfiles,1,1,0,1,1,1,0,1,0,0,0
2024,2,39,0,6,Corte y esmerilado,3,0,1,1,1,1,0,1,0,0,0
2024,2,52,0,16,Soldadura,1,0,0,1,1,1,0,1,0,0,0
2024,2,18,1,2,Corte y esmerilado,3,0,0,1,1,1,0,1,0,0,0
2024,2,21,1,2,Corte y esmerilado,1,1,1,1,0,1,0,1,0,0,0
2024,2,20,1,0,Manipulación de perfiles,2,1,0,1,1,1,0,1,0,0,0
2024,2,21,1,1,Soldadura,2,1,0,1,1,1,1,1,0,0,0
2024,2,22,1,0,Manipulación de perfiles,2,1,0,1,1,1,0,1,0,0,0
2024,2,56,0,13,Trabajo en altura,2,0,0,1,1,1,0,1,0,0,0
2024,2,46,0,4,Trabajo en altura,2,1,0,1,1,1,0,1,0,0,0
2024,2,30,0,8,Trabajo en altura,1,1,0,1,1,1,0,1,0,0,0
2024,2,19,1,1,Corte y esmerilado,1,1,0,1,1,0,0,1,1,0,1
2024,2,19,1,1,Trabajo en altura,2,1,0,1,1,0,0,1,0,0,0
2024,2,40,0,14,Montaje,1,0,1,1,1,1,1,1,0,0,0
2024,2,30,0,2,Trabajo en altura,2,0,0,1,1,1,1,1,0,0,0
2024,2,34,0,14,Corte y esmerilado,2,0,0,1,1,1,0,1,0,0,0
2024,2,39,0,17,Manipulación de perfiles,2,0,0,1,1,1,0,1,0,0,0
2024,2,44,0,12,Trabajo en altura,2,0,0,1,1,1,0,1,0,0,0
2024,2,38,0,7,Trabajo en altura,3,0,1,1,1,1,1,1,0,0,0
2024,2,20,1,1,Corte y esmerilado,2,0,1,0,1,1,0,1,0,0,0
2024,2,56,0,5,Corte y esmerilado,1,0,0,1,1,0,0,1,0,0,0
2024,2,30,0,10,Corte y esmerilado,2,0,0,1,0,0,1,1,0,0,0
2024,2,23,1,2,Manipulación de perfiles,3,0,0,1,1,1,0,1,0,0,0
2024,2,41,0,1,Corte y esmerilado,3,1,0,1,1,1,0,1,0,0,0
2024,2,26,0,17,Trabajo en altura,2,0,0,1,1,1,0,1,0,0,0
2024,2,40,0,3,Montaje,2,1,0,1,1,1,1,1,0,0,0
2024,2,22,1,1,Montaje,3,0,0,1,1,1,0,1,0,0,0
2024,2,57,0,15,Soldadura,3,0,0,1,0,1,0,1,0,0,0
2024,2,20,1,2,Manipulación de perfiles,1,1,0,1,1,1,0,1,0,0,0
2024,2,23,1,1,Soldadura,3,0,0,1,1,1,0,1,0,0,0
2024,2,20,1,2,Trabajo en altura,3,0,1,1,1,1,0,1,0,0,0
2024,2,35,0,14,Corte y esmerilado,3,0,1,1,1,1,0,1,0,0,0
2024,2,33,0,7,Montaje,3,1,1,1,1,1,0,1,0,0,0
2024,2,43,0,9,Montaje,2,0,0,1,1,1,1,1,0,0,0
2024,2,24,1,2,Corte y esmerilado,1,0,0,1,1,1,0,1,0,0,0
2024,2,27,0,11,Trabajo en altura,3,0,1,1,1,1,0,1,0,0,0
2024,2,19,1,1,Trabajo en altura,2,0,0,1,1,1,0,1,0,0,0
2024,2,22,1,1,Corte y esmerilado,1,0,1,1,1,0,0,1,0,0,0
2024,2,21,1,2,Montaje,1,0,0,1,0,1,0,1,0,0,0
2024,2,23,1,1,Soldadura,3,0,1,1,1,1,0,1,0,0,0
2024,3,46,0,11,Corte y esmerilado,2,0,0,1,1,1,0,0,0,0,0
2024,3,52,0,7,Manipulación de perfiles,3,0,1,1,1,1,0,0,0,0,0
2024,3,38,0,1,Trabajo en altura,3,0,0,1,1,1,0,0,0,0,0
2024,3,20,1,2,Manipulación de perfiles,3,0,0,1,1,1,0,0,0,0,0
2024,3,29,0,10,Montaje,2,0,0,1,1,1,0,0,0,0,0
2024,3,33,0,4,Corte y esmerilado,3,1,0,1,1,0,0,0,0,0,0
2024,3,43,0,14,Manipulación de perfiles,3,1,0,1,1,0,0,0,0,0,0
2024,3,21,1,0,Corte y esmerilado,2,0,0,1,1,1,0,0,0,0,0
2024,3,46,0,8,Manipulación de perfiles,3,0,0,1,0,1,0,0,0,0,0
2024,3,56,0,5,Manipulación de perfiles,3,0,1,1,1,1,0,0,1,0,1
2024,3,31,0,3,Manipulación de perfiles,2,0,1,1,1,1,0,0,0,0,0
2024,3,44,0,8,Montaje,1,0,0,1,1,1,0,0,0,0,0
2024,3,20,1,2,Trabajo en altura,2,1,0,1,1,1,0,0,0,0,0
2024,3,50,0,10,Manipulación de perfiles,1,0,0,1,1,1,0,0,0,0,0
2024,3,26,0,10,Manipulación de perfiles,2,0,0,1,1,1,0,0,0,0,0
2024,3,22,1,0,Trabajo en altura,1,0,0,1,1,1,0,0,0,0,0
2024,3,18,1,0,Corte y esmerilado,1,0,1,1,1,1,1,0,0,0,0
2024,3,23,1,1,Soldadura,3,0,0,1,1,1,0,0,0,0,0
2024,3,52,0,7,Montaje,3,0,0,1,1,1,0,0,0,0,0
2024,3,28,0,12,Trabajo en altura,2,0,1,1,1,1,0,0,0,0,0
2024,3,39,0,10,Manipulación de perfiles,3,0,1,1,1,1,0,0,0,0,0
2024,3,21,1,2,Manipulación de perfiles,3,0,1,1,1,1,0,0,0,0,0
2024,3,20,1,0,Montaje,2,0,1,1,1,1,0,0,0,0,0
2024,3,52,0,11,Soldadura,2,1,0,1,1,1,0,0,0,0,0
2024,3,39,0,11,Montaje,2,0,0,1,1,1,0,0,0,0,0
2024,3,30,0,15,Corte y esmerilado,2,0,0,1,1,1,0,0,0,0,0
2024,3,20,1,1,Soldadura,2,1,0,1,1,1,0,0,0,0,0
2024,3,41,0,11,Montaje,1,1,1,1,0,0,0,0,0,0,0
2024,3,21,1,2,Soldadura,3,1,1,0,1,1,0,0,0,0,0
2024,3,44,0,13,Corte y esmerilado,3,1,0,1,1,0,0,0,0,0,0
2024,3,49,0,4,Montaje,3,0,0,1,0,1,1,0,0,0,0
2024,3,55,0,1,Manipulación de perfiles,2,1,0,1,1,1,0,0,0,0,0
2024,3,20,1,0,Soldadura,1,0,1,1,1,0,0,0,0,0,0
2024,3,18,1,2,Trabajo en altura,2,0,0,1,1,1,0,0,0,0,0
2024,3,19,1,2,Corte y esmerilado,1,0,0,1,1,1,0,0,0,0,0
2024,3,45,0,15,Manipulación de perfiles,3,0,0,1,1,1,0,0,0,0,0
2024,3,25,0,15,Manipulación de perfiles,2,1,0,1,1,1,1,0,0,0,0
2024,3,55,0,11,Corte y esmerilado,3,0,0,1,1,1,0,0,0,0,0
2024,3,32,0,7,Corte y esmerilado,1,1,0,1,1,1,0,0,0,0,0
2024,3,24,1,0,Trabajo en altura,3,0,1,1,1,0,1,0,0,0,0
2024,4,21,1,1,Montaje,3,0,0,1,1,1,0,0,0,0,0
2024,4,23,1,1,Manipulación de perfiles,3,0,0,0,1,1,0,0,0,0,0
2024,4,39,0,15,Soldadura,1,0,0,1,1,1,1,0,0,0,0
2024,4,24,1,2,Manipulación de perfiles,2,0,0,1,1,1,0,0,0,0,0
2024,4,37,0,10,Montaje,3,1,0,1,1,1,1,0,0,0,0
2024,4,49,0,4,Soldadura,1,0,0,1,1,1,0,0,0,0,0
2024,4,35,0,3,Corte y esmerilado,2,0,0,0,0,1,0,0,0,0,0
2024,4,54,0,1,Trabajo en altura,2,0,0,1,0,1,0,0,0,0,0
2024,4,46,0,10,Soldadura,1,0,1,1,1,0,0,0,0,0,0
2024,4,36,0,15,Manipulación de perfiles,3,1,1,1,1,1,0,0,0,0,0
2024,4,53,0,11,Montaje,1,0,0,1,1,1,0,0,0,0,0
2024,4,36,0,2,Soldadura,2,0,1,1,1,1,1,0,0,0,0
2024,4,27,0,11,Corte y esmerilado,2,0,0,1,1,1,0,0,0,0,0
2024,4,24,1,2,Trabajo en altura,2,0,0,1,1,1,1,0,0,0,0
2024,4,37,0,3,Soldadura,1,1,1,1,1,1,0,0,0,0,0
2024,4,24,1,0,Soldadura,1,0,0,1,1,1,1,0,0,0,0
2024,4,18,1,0,Montaje,3,0,0,1,1,1,0,0,0,0,0
2024,4,41,0,9,Soldadura,2,0,0,1,1,1,1,0,0,0,0
2024,4,39,0,16,Montaje,1,0,0,0,0,1,0,0,0,0,0
2024,4,57,0,9,Corte y esmerilado,2,0,0,1,1,1,0,0,0,0,0
2024,4,21,1,2,Montaje,2,1,0,1,1,1,0,0,0,0,0
2024,4,35,0,12,Corte y esmerilado,3,0,0,1,1,0,0,0,0,0,0
2024,4,39,0,7,Montaje,2,0,1,1,1,0,0,0,0,0,0
2024,4,36,0,13,Soldadura,3,0,0,1,1,1,1,0,0,0,0
2024,4,56,0,10,Montaje,2,0,1,1,1,1,0,0,0,0,0
2024,4,46,0,16,Corte y esmerilado,3,1,0,1,1,1,1,0,0,0,0
2024,4,22,1,1,Soldadura,1,0,0,1,1,1,0,0,0,0,0
2024,4,29,0,8,Soldadura,1,0,1,1,1,1,0,0,0,0,0
2024,4,25,0,13,Corte y esmerilado,2,1,1,0,1,1,0,0,0,0,0
2024,4,18,1,2,Montaje,3,0,0,1,1,1,0,0,0,0,0
2024,4,22,1,2,Corte y esmerilado,3,0,0,0,1,0,0,0,0,0,0
2024,4,57,0,16,Corte y esmerilado,3,0,0,1,1,1,0,0,0,0,0
2024,4,22,1,1,Montaje,1,0,1,1,1,1,1,0,1,0,1
2024,4,20,1,0,Soldadura,3,0,0,1,1,1,0,0,0,0,0
2024,4,35,0,16,Montaje,3,0,1,1,1,1,0,0,0,0,0
2024,4,24,1,1,Montaje,2,0,0,1,1,0,0,0,0,0,0
2024,4,45,0,6,Manipulación de perfiles,3,1,0,1,1,1,0,0,0,0,0
2024,4,21,1,2,Trabajo en altura,1,0,1,0,1,1,0,0,0,0,0
2024,4,21,1,0,Manipulación de perfiles,3,0,0,1,1,0,1,0,0,0,0
2024,4,55,0,16,Soldadura,1,0,0,1,0,1,0,0,0,0,0
2024,5,29,0,1,Montaje,2,0,0,1,0,1,0,0,0,0,0
2024,5,54,0,8,Corte y esmerilado,3,0,0,1,1,1,0,0,0,0,0
2024,5,21,1,2,Corte y esmerilado,2,0,0,1,1,1,1,0,0,0,0
2024,5,29,0,15,Montaje,3,0,1,1,1,1,0,0,0,0,0
2024,5,51,0,1,Corte y esmerilado,3,0,0,1,1,1,1,0,0,0,0
2024,5,31,0,17,Montaje,2,0,0,0,1,1,0,0,0,0,0
2024,5,21,1,1,Corte y esmerilado,3,0,0,1,0,1,0,0,0,0,0
2024,5,46,0,13,Corte y esmerilado,2,0,0,1,0,1,1,0,0,0,0
2024,5,46,0,15,Soldadura,2,0,1,1,1,1,0,0,0,0,0
2024,5,24,1,1,Soldadura,2,0,0,0,1,1,0,0,0,0,0
2024,5,57,0,8,Manipulación de perfiles,2,0,0,1,1,1,0,0,0,0,0
2024,5,32,0,1,Trabajo en altura,1,1,0,1,0,0,0,0,0,0,0
2024,5,34,0,9,Soldadura,3,1,0,1,1,1,0,0,0,0,0
2024,5,52,0,14,Montaje,1,0,0,0,1,1,1,0,0,0,0
2024,5,48,0,1,Montaje,3,0,0,1,1,1,0,0,0,0,0
2024,5,49,0,16,Corte y esmerilado,2,0,0,1,1,1,0,0,0,0,0
2024,5,48,0,11,Montaje,1,0,0,1,1,0,0,0,0,0,0
2024,5,24,1,1,Manipulación de perfiles,2,0,1,1,1,0,0,0,0,0,0
2024,5,22,1,0,Montaje,2,0,0,0,1,1,0,0,0,0,0
2024,5,26,0,8,Trabajo en altura,3,0,1,1,1,1,0,0,0,0,0
2024,5,22,1,0,Trabajo en altura,3,0,1,1,1,1,0,0,0,0,0
2024,5,41,0,11,Trabajo en altura,3,0,1,1,1,1,0,0,0,0,0
2024,5,19,1,0,Trabajo en altura,2,1,0,1,1,1,1,0,0,0,0
2024,5,27,0,9,Manipulación de perfiles,2,0,0,1,0,1,0,0,0,0,0
2024,5,46,0,6,Manipulación de perfiles,1,0,0,1,0,1,0,0,0,0,0
2024,5,51,0,10,Montaje,1,0,1,0,1,1,0,0,0,0,0
2024,5,18,1,2,Manipulación de perfiles,3,0,0,1,1,1,0,0,0,0,0
2024,5,22,1,0,Manipulación de perfiles,2,0,0,1,1,1,1,0,0,0,0
2024,5,19,1,0,Soldadura,2,0,0,1,1,0,0,0,0,0,0
2024,5,22,1,1,Montaje,2,1,0,1,1,1,0,0,0,0,0
2024,5,37,0,15,Trabajo en altura,1,0,0,1,1,0,1,0,0,0,0
2024,5,48,0,12,Corte y esmerilado,1,0,0,1,1,1,0,0,0,0,0
2024,5,20,1,0,Corte y esmerilado,1,0,0,1,1,0,0,0,0,0,0
2024,5,20,1,0,Soldadura,2,0,0,1,1,1,0,0,0,0,0
2024,5,20,1,1,Manipulación de perfiles,1,0,0,1,1,1,0,0,0,0,0
2024,5,41,0,3,Trabajo en altura,2,1,1,1,1,1,0,0,0,0,0
2024,5,18,1,0,Corte y esmerilado,2,0,0,1,1,1,0,0,0,0,0
2024,5,28,0,3,Manipulación de perfiles,3,0,0,1,0,1,0,0,0,0,0
2024,5,39,0,13,Montaje,3,0,0,1,1,0,0,0,0,0,0
2024,5,23,1,0,Corte y esmerilado,1,1,1,1,1,0,0,0,0,0,0
2024,6,38,0,11,Montaje,2,0,0,1,0,0,0,0,0,0,0
2024,6,21,1,0,Soldadura,1,0,0,1,1,1,0,0,0,0,0
2024,6,52,0,3,Trabajo en altura,2,0,1,1,1,1,0,0,0,0,0
2024,6,38,0,1,Corte y esmerilado,1,0,1,1,1,1,0,0,0,0,0
2024,6,24,1,0,Montaje,2,0,0,1,1,1,1,0,0,0,0
2024,6,40,0,15,Montaje,2,0,0,1,1,1,0,0,0,0,0
2024,6,31,0,13,Montaje,3,0,0,1,1,1,0,0,0,0,0
2024,6,22,1,2,Montaje,1,0,0,1,1,1,1,0,0,0,0
2024,6,22,1,2,Montaje,1,0,0,1,1,0,0,0,0,0,0
2024,6,20,1,1,Trabajo en altura,3,0,0,1,1,1,0,0,0,0,0
2024,6,30,0,15,Montaje,2,0,1,1,1,1,0,0,0,0,0
2024,6,38,0,9,Soldadura,3,0,0,1,0,1,1,0,0,0,0
2024,6,19,1,0,Corte y esmerilado,3,0,0,1,1,1,1,0,0,0,0
2024,6,18,1,0,Trabajo en altura,2,0,0,1,1,0,0,0,0,0,0
2024,6,32,0,17,Trabajo en altura,3,0,1,1,1,1,0,0,0,0,0
2024,6,24,1,1,Montaje,3,0,1,1,1,1,0,0,0,0,0
2024,6,48,0,2,Soldadura,1,0,0,1,1,1,0,0,0,0,0
2024,6,30,0,16,Corte y esmerilado,1,1,0,1,1,1,0,0,0,0,0
2024,6,21,1,1,Manipulación de perfiles,1,0,1,1,1,1,0,0,0,0,0
2024,6,22,1,0,Corte y esmerilado,2,0,0,0,1,1,0,0,0,0,0
2024,6,53,0,17,Manipulación de perfiles,2,0,1,1,0,1,0,0,1,1,0
2024,6,20,1,0,Corte y esmerilado,1,0,0,1,1,1,0,0,0,0,0
2024,6,23,1,0,Montaje,3,1,1,1,1,1,0,0,0,0,0
2024,6,34,0,11,Soldadura,3,1,1,1,1,1,0,0,0,0,0
2024,6,45,0,13,Corte y esmerilado,3,0,0,1,1,1,0,0,0,0,0
2024,6,22,1,0,Montaje,3,0,0,0,1,1,0,0,0,0,0
2024,6,22,1,2,Trabajo en altura,3,0,0,1,1,1,0,0,0,0,0
2024,6,18,1,0,Soldadura,2,0,1,1,1,1,0,0,0,0,0
2024,6,22,1,0,Soldadura,1,0,0,1,1,0,1,0,0,0,0
2024,6,52,0,7,Corte y esmerilado,1,0,0,1,1,1,0,0,0,0,0
2024,6,30,0,1,Montaje,3,1,1,1,1,1,1,0,0,0,0
2024,6,24,1,1,Corte y esmerilado,1,0,0,1,1,1,0,0,0,0,0
2024,6,38,0,6,Montaje,1,0,0,1,1,1,0,0,0,0,0
2024,6,34,0,3,Trabajo en altura,2,0,1,1,0,1,0,0,1,1,0
2024,6,23,1,1,Corte y esmerilado,2,0,0,1,1,1,0,0,0,0,0
2024,6,23,1,0,Trabajo en altura,1,0,0,1,0,1,0,0,0,0,0
2024,6,45,0,13,Manipulación de perfiles,3,0,0,1,1,1,0,0,0,0,0
2024,6,36,0,16,Manipulación de perfiles,2,0,0,0,1,1,0,0,0,0,0
2024,6,44,0,6,Corte y esmerilado,3,0,0,1,1,1,0,0,0,0,0
2024,6,18,1,0,Soldadura,2,0,0,1,1,0,0,0,0,0,0
2024,7,25,0,6,Montaje,1,0,0,1,1,1,0,0,0,0,0
2024,7,26,0,9,Manipulación de perfiles,1,0,0,1,0,1,0,0,0,0,0
2024,7,18,1,1,Soldadura,1,0,1,1,1,1,0,0,0,0,0
2024,7,30,0,10,Trabajo en altura,1,0,0,1,0,1,0,0,0,0,0
2024,7,41,0,16,Manipulación de perfiles,2,0,0,1,1,1,0,0,0,0,0
2024,7,44,0,8,Montaje,2,0,0,1,1,1,1,0,0,0,0
2024,7,38,0,17,Soldadura,2,1,0,1,0,1,0,0,0,0,0
2024,7,18,1,2,Trabajo en altura,2,0,1,1,1,1,0,0,0,0,0
2024,7,50,0,11,Soldadura,3,0,1,1,1,1,0,0,0,0,0
2024,7,28,0,11,Montaje,3,0,0,0,1,1,0,0,0,0,0
2024,7,18,1,0,Manipulación de perfiles,3,1,0,1,1,1,0,0,0,0,0
2024,7,51,0,17,Corte y esmerilado,2,0,0,1,1,0,0,0,0,0,0
2024,7,51,0,5,Montaje,2,0,1,1,1,0,1,0,0,0,0
2024,7,22,1,0,Trabajo en altura,2,0,0,1,1,1,1,0,0,0,0
2024,7,35,0,16,Trabajo en altura,2,0,0,1,1,1,0,0,0,0,0
2024,7,57,0,15,Corte y esmerilado,1,0,0,1,0,1,0,0,0,0,0
2024,7,18,1,2,Montaje,1,1,0,1,1,1,0,0,0,0,0
2024,7,52,0,4,Corte y esmerilado,3,1,1,1,1,1,0,0,0,0,0
2024,7,51,0,17,Soldadura,2,0,0,1,1,1,0,0,0,0,0
2024,7,20,1,2,Soldadura,3,1,0,1,0,1,0,0,0,0,0
2024,7,24,1,1,Manipulación de perfiles,3,1,0,1,1,0,1,0,0,0,0
2024,7,23,1,2,Montaje,1,0,0,1,1,1,1,0,0,0,0
2024,7,55,0,14,Montaje,1,0,0,0,1,1,0,0,0,0,0
2024,7,18,1,0,Corte y esmerilado,3,0,0,1,1,1,0,0,0,0,0
2024,7,19,1,2,Trabajo en altura,1,0,0,1,1,1,0,0,0,0,0
2024,7,44,0,2,Manipulación de perfiles,2,0,0,1,1,1,0,0,0,0,0
2024,7,49,0,6,Soldadura,2,0,1,1,1,1,1,0,0,0,0
2024,7,45,0,2,Manipulación de perfiles,1,0,1,1,1,1,0,0,0,0,0
2024,7,48,0,16,Montaje,3,0,1,1,1,1,1,0,0,0,0
2024,7,26,0,15,Trabajo en altura,2,0,0,1,1,1,1,0,0,0,0
2024,7,19,1,1,Manipulación de perfiles,1,0,0,1,1,1,0,0,0,0,0
2024,7,30,0,2,Montaje,1,0,0,0,1,1,0,0,0,0,0
2024,7,39,0,4,Trabajo en altura,2,0,1,1,1,1,0,0,0,0,0
2024,7,22,1,2,Corte y esmerilado,1,0,0,1,1,1,1,0,0,0,0
2024,7,21,1,0,Corte y esmerilado,1,0,0,1,1,1,1,0,0,0,0
2024,7,49,0,10,Manipulación de perfiles,3,0,0,1,1,1,1,0,0,0,0
2024,7,25,0,17,Soldadura,1,0,0,1,1,1,1,0,0,0,0
2024,7,18,1,1,Soldadura,2,0,0,1,1,1,0,0,0,0,0
2024,7,22,1,2,Montaje,2,0,0,1,1,1,0,0,0,0,0
2024,7,26,0,11,Corte y esmerilado,1,0,0,1,1,0,0,0,0,0,0
2024,8,21,1,1,Montaje,3,1,0,1,1,1,0,0,0,0,0
2024,8,18,1,1,Soldadura,3,0,0,1,1,1,0,0,0,0,0
2024,8,44,0,9,Corte y esmerilado,1,0,0,1,1,1,0,0,0,0,0
2024,8,22,1,0,Montaje,2,0,0,1,1,1,1,0,0,0,0
2024,8,48,0,8,Montaje,1,0,1,1,1,1,0,0,0,0,0
2024,8,42,0,4,Corte y esmerilado,3,0,0,1,1,1,0,0,0,0,0
2024,8,21,1,0,Manipulación de perfiles,1,0,0,1,1,1,0,0,0,0,0
2024,8,28,0,3,Soldadura,1,1,1,1,1,1,0,0,0,0,0
2024,8,52,0,9,Trabajo en altura,3,0,0,0,1,1,0,0,0,0,0
2024,8,56,0,15,Soldadura,1,0,1,1,1,1,0,0,0,0,0
2024,8,39,0,10,Montaje,2,0,0,1,0,1,0,0,0,0,0
2024,8,36,0,1,Montaje,2,0,0,1,1,1,0,0,0,0,0
2024,8,30,0,12,Manipulación de perfiles,2,0,0,1,1,1,0,0,0,0,0
2024,8,31,0,11,Soldadura,3,0,0,1,1,1,0,0,0,0,0
2024,8,57,0,9,Soldadura,1,0,0,1,1,1,0,0,0,0,0
2024,8,31,0,2,Soldadura,1,1,0,1,1,1,0,0,0,0,0
2024,8,29,0,16,Manipulación de perfiles,3,0,0,1,0,1,0,0,1,1,0
2024,8,19,1,0,Montaje,2,0,0,0,1,0,0,0,0,0,0
2024,8,34,0,16,Corte y esmerilado,2,1,0,1,1,1,0,0,0,0,0
2024,8,19,1,0,Montaje,3,0,0,1,0,1,1,0,0,0,0
2024,8,56,0,15,Montaje,3,0,0,1,1,0,0,0,0,0,0
2024,8,18,1,0,Manipulación de perfiles,1,0,0,0,1,1,0,0,0,0,0
2024,8,26,0,4,Soldadura,2,0,0,1,1,1,0,0,0,0,0
2024,8,44,0,13,Montaje,2,0,1,1,1,0,0,0,0,0,0
2024,8,18,1,2,Soldadura,2,0,1,1,1,1,0,0,0,0,0
2024,8,30,0,11,Trabajo en altura,3,0,0,1,1,1,0,0,0,0,0
2024,8,19,1,2,Trabajo en altura,3,1,0,1,1,1,0,0,0,0,0
2024,8,47,0,3,Trabajo en altura,1,0,0,1,1,1,0,0,0,0,0
2024,8,52,0,5,Soldadura,1,0,0,1,1,1,0,0,0,0,0
2024,8,23,1,2,Manipulación de perfiles,2,0,0,1,1,0,1,0,0,0,0
2024,8,34,0,16,Soldadura,3,0,0,1,0,1,0,0,0,0,0
2024,8,21,1,1,Soldadura,2,0,0,1,0,1,0,0,0,0,0
2024,8,30,0,8,Soldadura,2,0,0,1,1,1,1,0,0,0,0
2024,8,41,0,2,Manipulación de perfiles,2,1,1,1,0,0,1,0,0,0,0
2024,8,19,1,0,Manipulación de perfiles,3,0,0,1,1,1,1,0,0,0,0
2024,8,21,1,2,Montaje,1,0,0,1,0,1,0,0,0,0,0
2024,8,21,1,2,Manipulación de perfiles,1,0,1,0,1,1,0,0,0,0,0
2024,8,22,1,2,Manipulación de perfiles,3,1,1,1,1,1,0,0,0,0,0
2024,8,50,0,12,Corte y esmerilado,3,0,0,1,1,1,0,0,0,0,0
2024,8,21,1,2,Trabajo en altura,1,0,0,1,1,0,0,0,0,0,0
2024,9,21,1,2,Corte y esmerilado,3,0,1,1,1,1,0,0,0,0,0
2024,9,31,0,2,Montaje,3,0,0,1,1,1,0,0,0,0,0
2024,9,20,1,2,Trabajo en altura,2,0,0,1,0,1,0,0,0,0,0
2024,9,18,1,1,Soldadura,2,0,0,1,1,0,0,0,0,0,0
2024,9,18,1,0,Corte y esmerilado,1,1,0,0,1,1,0,0,0,0,0
2024,9,20,1,0,Manipulación de perfiles,3,0,1,1,1,1,1,0,0,0,0
2024,9,19,1,0,Trabajo en altura,3,0,0,0,1,1,0,0,0,0,0
2024,9,22,1,2,Montaje,1,0,0,1,1,1,0,0,0,0,0
2024,9,19,1,2,Montaje,3,1,0,1,1,1,0,0,0,0,0
2024,9,32,0,13,Manipulación de perfiles,1,1,0,1,1,1,0,0,0,0,0
2024,9,28,0,3,Montaje,1,0,0,1,1,1,0,0,0,0,0
2024,9,22,1,0,Manipulación de perfiles,1,0,1,1,1,1,0,0,0,0,0
2024,9,20,1,0,Soldadura,1,0,1,0,1,1,0,0,0,0,0
2024,9,35,0,16,Manipulación de perfiles,1,1,0,0,1,1,0,0,0,0,0
2024,9,35,0,12,Trabajo en altura,3,0,0,1,1,1,0,0,0,0,0
2024,9,43,0,14,Montaje,2,1,0,0,1,0,0,0,0,0,0
2024,9,21,1,1,Soldadura,3,0,0,1,1,1,0,0,0,0,0
2024,9,23,1,2,Montaje,1,0,0,1,1,1,0,0,0,0,0
2024,9,22,1,0,Montaje,1,0,0,1,1,1,0,0,0,0,0
2024,9,54,0,1,Trabajo en altura,3,0,0,1,1,1,0,0,0,0,0
2024,9,24,1,1,Soldadura,2,0,0,1,1,1,0,0,0,0,0
2024,9,22,1,2,Soldadura,2,1,0,1,1,1,0,0,0,0,0
2024,9,27,0,4,Corte y esmerilado,3,0,0,1,1,1,0,0,1,0,1
2024,9,24,1,1,Trabajo en altura,2,0,0,1,1,1,0,0,0,0,0
2024,9,23,1,2,Trabajo en altura,3,1,0,1,1,1,0,0,0,0,0
2024,9,18,1,2,Manipulación de perfiles,2,1,0,1,1,1,0,0,0,0,0
2024,9,27,0,1,Corte y esmerilado,1,0,1,0,1,1,0,0,0,0,0
2024,9,24,1,2,Soldadura,3,1,0,1,1,1,1,0,0,0,0
2024,9,53,0,5,Corte y esmerilado,3,0,0,1,1,0,0,0,0,0,0
2024,9,23,1,1,Soldadura,1,0,0,1,1,0,0,0,0,0,0
2024,9,37,0,9,Montaje,1,1,1,0,1,1,0,0,0,0,0
2024,9,57,0,14,Soldadura,1,1,0,1,1,1,1,0,0,0,0
2024,9,22,1,0,Soldadura,3,1,0,1,1,0,0,0,0,0,0
2024,9,22,1,1,Trabajo en altura,1,0,0,1,1,1,0,0,0,0,0
2024,9,43,0,16,Manipulación de perfiles,2,0,1,1,1,1,0,0,0,0,0
2024,9,24,1,2,Soldadura,2,0,0,1,1,1,0,0,0,0,0
2024,9,24,1,0,Corte y esmerilado,3,1,0,1,0,1,0,0,0,0,0
2024,9,34,0,8,Trabajo en altura,1,0,1,1,1,1,0,0,0,0,0
2024,9,27,0,12,Trabajo en altura,2,0,0,1,1,0,0,0,0,0,0
2024,9,38,0,13,Soldadura,1,0,0,1,1,1,1,0,0,0,0
2024,10,21,1,2,Corte y esmerilado,3,0,0,1,1,1,0,0,0,0,0
2024,10,55,0,3,Soldadura,1,0,0,1,1,1,0,0,0,0,0
2024,10,42,0,2,Montaje,3,0,1,1,1,1,0,0,0,0,0
2024,10,44,0,6,Montaje,3,0,0,1,1,0,0,0,0,0,0
2024,10,21,1,2,Montaje,2,0,1,1,1,1,0,0,0,0,0
2024,10,27,0,5,Manipulación de perfiles,1,0,0,0,1,1,0,0,0,0,0
2024,10,26,0,12,Corte y esmerilado,3,0,1,1,1,1,0,0,0,0,0
2024,10,41,0,8,Soldadura,3,0,0,1,1,1,0,0,0,0,0
2024,10,31,0,9,Manipulación de perfiles,1,1,1,0,1,1,1,0,0,0,0
2024,10,38,0,13,Trabajo en altura,3,0,0,1,1,1,0,0,0,0,0
2024,10,46,0,12,Trabajo en altura,3,1,0,1,1,1,0,0,0,0,0
2024,10,27,0,2,Corte y esmerilado,3,0,0,1,1,1,0,0,0,0,0
2024,10,20,1,1,Montaje,3,0,0,1,1,1,0,0,0,0,0
2024,10,18,1,0,Manipulación de perfiles,3,1,0,1,1,1,0,0,0,0,0
2024,10,25,0,13,Soldadura,2,0,0,1,1,1,0,0,0,0,0
2024,10,23,1,2,Manipulación de perfiles,2,0,0,0,1,1,0,0,0,0,0
2024,10,22,1,0,Montaje,1,1,1,1,1,1,0,0,0,0,0
2024,10,52,0,15,Soldadura,3,0,1,1,0,1,1,0,0,0,0
2024,10,19,1,0,Corte y esmerilado,1,0,0,1,1,1,0,0,0,0,0
2024,10,21,1,0,Corte y esmerilado,3,0,0,1,1,1,0,0,0,0,0
2024,10,21,1,0,Soldadura,2,1,0,1,1,1,0,0,0,0,0
2024,10,31,0,8,Soldadura,2,0,0,1,1,1,0,0,0,0,0
2024,10,41,0,10,Trabajo en altura,3,0,0,1,0,1,0,0,0,0,0
2024,10,21,1,2,Manipulación de perfiles,2,0,0,1,1,1,0,0,0,0,0
2024,10,41,0,1,Corte y esmerilado,2,1,1,1,1,1,0,0,0,0,0
2024,10,18,1,1,Montaje,1,0,0,1,1,1,0,0,0,0,0
2024,10,23,1,0,Manipulación de perfiles,1,1,0,1,1,1,0,0,0,0,0
2024,10,23,1,1,Soldadura,1,0,1,1,1,0,0,0,1,0,1
2024,10,41,0,8,Montaje,3,0,1,1,0,1,0,0,0,0,0
2024,10,23,1,2,Montaje,2,0,0,1,1,1,0,0,0,0,0
2024,10,18,1,1,Soldadura,3,0,1,1,1,0,0,0,0,0,0
2024,10,35,0,14,Trabajo en altura,1,0,1,1,1,1,0,0,0,0,0
2024,10,32,0,2,Trabajo en altura,2,0,0,1,1,0,0,0,0,0,0
2024,10,33,0,13,Manipulación de perfiles,2,0,1,1,0,0,0,0,0,0,0
2024,10,18,1,2,Trabajo en altura,3,0,0,1,1,1,0,0,0,0,0
2024,10,40,0,2,Trabajo en altura,3,0,0,1,1,1,0,0,0,0,0
2024,10,41,0,1,Soldadura,1,0,0,1,0,1,1,0,0,0,0
2024,10,28,0,10,Montaje,3,1,1,1,1,1,0,0,0,0,0
2024,10,19,1,0,Soldadura,2,0,0,1,0,1,1,0,0,0,0
2024,10,34,0,14,Soldadura,3,0,0,0,1,1,0,0,0,0,0
2024,11,21,1,2,Corte y esmerilado,1,0,0,1,1,1,0,1,0,0,0
2024,11,23,1,2,Corte y esmerilado,2,0,0,1,1,0,0,1,0,0,0
2024,11,22,1,0,Trabajo en altura,1,0,0,1,1,1,1,1,0,0,0
2024,11,19,1,2,Corte y esmerilado,1,0,0,1,1,1,0,1,0,0,0
2024,11,22,1,0,Manipulación de perfiles,1,0,0,1,0,1,0,1,0,0,0
2024,11,55,0,9,Corte y esmerilado,1,0,0,1,0,0,0,1,0,0,0
2024,11,20,1,2,Corte y esmerilado,2,0,0,1,1,0,0,1,0,0,0
2024,11,25,0,15,Trabajo en altura,2,0,0,1,1,1,0,1,0,0,0
2024,11,30,0,8,Manipulación de perfiles,2,0,0,1,1,1,1,1,0,0,0
2024,11,23,1,2,Manipulación de perfiles,1,0,0,1,1,1,0,1,0,0,0
2024,11,29,0,9,Montaje,1,0,0,0,1,0,1,1,0,0,0
2024,11,43,0,8,Montaje,3,1,0,1,0,1,1,1,0,0,0
2024,11,20,1,1,Corte y esmerilado,2,0,0,1,1,1,0,1,0,0,0
2024,11,48,0,5,Corte y esmerilado,2,0,1,1,1,0,1,1,0,0,0
2024,11,48,0,2,Manipulación de perfiles,1,0,0,1,1,0,0,1,0,0,0
2024,11,48,0,14,Corte y esmerilado,2,1,1,1,1,0,1,1,0,0,0
2024,11,49,0,14,Montaje,3,1,0,1,1,1,0,1,0,0,0
2024,11,27,0,15,Corte y esmerilado,2,1,0,1,1,1,0,1,0,0,0
2024,11,23,1,0,Corte y esmerilado,2,0,0,1,1,1,0,1,0,0,0
2024,11,23,1,0,Trabajo en altura,2,0,0,1,1,1,0,1,0,0,0
2024,11,31,0,14,Manipulación de perfiles,3,0,1,1,1,0,0,1,0,0,0
2024,11,18,1,1,Corte y esmerilado,1,0,0,0,1,1,0,1,0,0,0
2024,11,19,1,0,Trabajo en altura,3,0,0,1,1,1,0,1,0,0,0
2024,11,21,1,2,Corte y esmerilado,1,0,0,1,1,1,1,1,1,0,1
2024,11,40,0,5,Manipulación de perfiles,3,0,1,1,0,1,0,1,0,0,0
2024,11,18,1,1,Soldadura,1,0,0,1,1,0,0,1,0,0,0
2024,11,19,1,0,Corte y esmerilado,1,1,0,1,1,1,0,1,0,0,0
2024,11,36,0,3,Soldadura,3,1,1,0,1,0,0,1,0,0,0
2024,11,48,0,12,Trabajo en altura,3,0,0,1,1,1,1,1,0,0,0
2024,11,19,1,0,Manipulación de perfiles,2,0,0,1,1,1,0,1,0,0,0
2024,11,22,1,1,Montaje,1,1,0,1,1,1,1,1,0,0,0
2024,11,36,0,14,Trabajo en altura,3,1,0,1,1,1,0,1,0,0,0
2024,11,28,0,6,Corte y esmerilado,1,0,0,1,1,1,0,1,0,0,0
2024,11,44,0,8,Montaje,1,0,0,1,1,1,1,1,0,0,0
2024,11,27,0,14,Soldadura,3,0,0,1,0,1,0,1,0,0,0
2024,11,38,0,4,Soldadura,1,0,0,1,1,0,0,1,0,0,0
2024,11,47,0,17,Montaje,1,1,0,1,1,1,0,1,0,0,0
2024,11,32,0,6,Trabajo en altura,1,0,1,1,1,1,1,1,0,0,0
2024,11,19,1,2,Trabajo en altura,2,0,1,1,1,1,0,1,0,0,0
2024,11,25,0,8,Soldadura,2,0,0,1,1,1,1,1,0,0,0
2024,12,27,0,10,Trabajo en altura,2,0,1,1,1,1,0,1,0,0,0
2024,12,53,0,5,Corte y esmerilado,1,0,1,1,1,1,0,1,0,0,0
2024,12,23,1,0,Trabajo en altura,3,0,0,1,1,1,0,1,0,0,0
2024,12,36,0,17,Manipulación de perfiles,2,0,0,1,1,1,0,1,0,0,0
2024,12,22,1,0,Manipulación de perfiles,1,0,0,0,1,1,0,1,1,0,1
2024,12,21,1,1,Manipulación de perfiles,3,0,1,1,1,1,0,1,0,0,0
2024,12,48,0,15,Trabajo en altura,2,0,0,1,1,1,0,1,0,0,0
2024,12,22,1,0,Montaje,2,0,0,1,1,1,0,1,0,0,0
2024,12,20,1,2,Soldadura,1,0,0,1,1,0,0,1,0,0,0
2024,12,30,0,16,Manipulación de perfiles,2,1,1,1,0,1,0,1,1,0,1
2024,12,28,0,1,Corte y esmerilado,3,0,1,1,1,1,1,1,0,0,0
2024,12,18,1,1,Trabajo en altura,1,0,0,1,1,1,0,1,0,0,0
2024,12,46,0,12,Corte y esmerilado,3,0,1,1,1,1,0,1,0,0,0
2024,12,45,0,2,Trabajo en altura,2,0,0,1,0,1,0,1,0,0,0
2024,12,40,0,2,Montaje,2,0,0,1,1,1,0,1,0,0,0
2024,12,21,1,0,Corte y esmerilado,1,0,1,1,1,1,1,1,0,0,0
2024,12,19,1,0,Manipulación de perfiles,3,0,0,1,1,1,0,1,0,0,0
2024,12,51,0,6,Manipulación de perfiles,1,0,0,1,1,1,0,1,0,0,0
2024,12,39,0,7,Montaje,1,0,0,1,1,1,0,1,0,0,0
2024,12,33,0,2,Corte y esmerilado,3,1,0,1,1,0,1,1,0,0,0
2024,12,24,1,0,Corte y esmerilado,1,0,1,1,1,0,0,1,0,0,0
2024,12,42,0,1,Manipulación de perfiles,3,0,0,1,1,1,1,1,0,0,0
2024,12,18,1,2,Corte y esmerilado,2,0,0,1,1,0,1,1,0,0,0
2024,12,46,0,10,Montaje,2,0,0,1,1,1,0,1,0,0,0
2024,12,46,0,14,Montaje,3,0,0,1,0,1,1,1,0,0,0
2024,12,43,0,7,Trabajo en altura,2,0,1,1,1,1,0,1,0,0,0
2024,12,18,1,0,Soldadura,3,0,0,1,1,1,0,1,0,0,0
2024,12,37,0,4,Montaje,2,0,0,0,1,0,1,1,0,0,0
2024,12,23,1,1,Trabajo en altura,3,0,0,1,1,1,0,1,0,0,0
2024,12,21,1,2,Montaje,1,0,1,1,1,0,0,1,0,0,0
2024,12,30,0,3,Corte y esmerilado,1,0,0,1,1,1,0,1,0,0,0
2024,12,18,1,2,Corte y esmerilado,3,0,0,1,1,1,0,1,0,0,0
2024,12,28,0,15,Corte y esmerilado,3,0,0,1,1,0,0,1,0,0,0
2024,12,23,1,1,Montaje,3,0,0,1,1,1,0,1,0,0,0
2024,12,46,0,9,Manipulación de perfiles,1,0,0,1,1,1,0,1,0,0,0
2024,12,26,0,10,Manipulación de perfiles,2,0,1,1,1,0,0,1,0,0,0
2024,12,18,1,2,Trabajo en altura,3,0,0,1,1,1,0,1,0,0,0
2024,12,22,1,2,Manipulación de perfiles,1,0,0,1,0,1,0,1,0,0,0
2024,12,18,1,2,Soldadura,1,0,0,1,1,1,0,1,0,0,0
2024,12,44,0,4,Montaje,3,0,0,1,1,1,1,1,0,0,0
2025,1,51,0,16,Soldadura,3,0,0,1,1,1,0,1,0,0,0
2025,1,38,0,4,Soldadura,3,0,0,1,1,1,0,1,0,0,0
2025,1,22,1,2,Soldadura,3,1,0,1,1,1,0,1,0,0,0
2025,1,42,0,2,Trabajo en altura,1,1,0,1,1,1,0,1,0,0,0
2025,1,52,0,14,Manipulación de perfiles,1,0,0,1,1,1,0,1,0,0,0
2025,1,57,0,16,Corte y esmerilado,1,1,1,0,1,1,0,1,0,0,0
2025,1,23,1,2,Montaje,2,0,0,1,0,1,0,1,0,0,0
2025,1,35,0,15,Manipulación de perfiles,1,0,0,1,1,1,0,1,0,0,0
2025,1,45,0,5,Manipulación de perfiles,2,0,0,1,1,1,0,1,0,0,0
2025,1,50,0,11,Manipulación de perfiles,3,1,0,1,1,1,0,1,1,0,1
2025,1,20,1,0,Montaje,3,0,0,1,1,1,1,1,1,1,0
2025,1,39,0,14,Trabajo en altura,2,1,0,1,1,1,0,1,0,0,0
2025,1,19,1,1,Manipulación de perfiles,2,0,0,1,0,1,0,1,0,0,0
2025,1,18,1,0,Corte y esmerilado,3,0,0,1,1,1,0,1,0,0,0
2025,1,44,0,9,Manipulación de perfiles,2,1,0,1,1,0,0,1,0,0,0
2025,1,24,1,1,Trabajo en altura,3,0,1,1,1,0,0,1,0,0,0
2025,1,21,1,0,Soldadura,3,0,0,1,0,0,0,1,0,0,0
2025,1,32,0,8,Manipulación de perfiles,1,0,0,1,1,1,0,1,0,0,0
2025,1,38,0,7,Corte y esmerilado,2,0,0,1,1,1,0,1,0,0,0
2025,1,22,1,2,Corte y esmerilado,1,0,0,1,1,1,0,1,0,0,0
2025,1,25,0,3,Corte y esmerilado,1,1,1,1,1,1,0,1,0,0,0
2025,1,33,0,6,Montaje,2,0,0,1,1,1,1,1,0,0,0
2025,1,19,1,0,Soldadura,1,0,0,1,1,1,0,1,0,0,0
2025,1,23,1,2,Montaje,2,0,1,1,1,1,0,1,0,0,0
2025,1,48,0,7,Corte y esmerilado,2,1,1,1,0,1,0,1,0,0,0
2025,1,23,1,0,Corte y esmerilado,2,0,0,1,0,1,0,1,0,0,0
2025,1,39,0,5,Montaje,2,0,0,1,1,1,0,1,0,0,0
2025,1,24,1,2,Montaje,1,0,0,1,1,1,0,1,0,0,0
2025,1,56,0,10,Trabajo en altura,1,0,0,1,1,1,1,1,0,0,0
2025,1,41,0,4,Soldadura,1,0,1,1,1,1,1,1,1,0,1
2025,1,24,1,1,Montaje,2,0,0,0,1,1,0,1,0,0,0
2025,1,22,1,0,Corte y esmerilado,3,0,0,1,1,1,0,1,0,0,0
2025,1,54,0,15,Soldadura,1,1,0,1,1,1,0,1,0,0,0
2025,1,18,1,1,Trabajo en altura,2,1,1,1,1,1,0,1,0,0,0
2025,1,22,1,1,Montaje,3,0,0,1,1,1,0,1,0,0,0
2025,1,20,1,2,Trabajo en altura,1,0,0,1,1,1,0,1,0,0,0
2025,1,23,1,0,Montaje,1,0,0,1,1,1,0,1,0,0,0
2025,1,25,0,12,Corte y esmerilado,1,0,0,1,1,0,1,1,0,0,0
2025,1,19,1,1,Soldadura,2,0,0,1,1,1,1,1,0,0,0
2025,1,24,1,2,Manipulación de perfiles,2,0,0,1,1,1,0,1,0,0,0
2025,2,49,0,11,Soldadura,2,0,1,1,1,0,0,1,0,0,0
2025,2,43,0,8,Montaje,3,0,0,1,1,1,0,1,0,0,0
2025,2,19,1,1,Manipulación de perfiles,3,0,0,1,0,0,1,1,0,0,0
2025,2,31,0,15,Manipulación de perfiles,2,1,0,1,1,1,1,1,1,0,1
2025,2,43,0,1,Manipulación de perfiles,2,0,0,1,1,1,0,1,0,0,0
2025,2,22,1,1,Montaje,1,0,0,1,1,0,0,1,0,0,0
2025,2,34,0,8,Soldadura,3,0,0,1,1,1,0,1,0,0,0
2025,2,28,0,1,Trabajo en altura,1,0,0,1,1,1,0,1,0,0,0
2025,2,23,1,1,Montaje,1,0,0,1,1,1,1,1,0,0,0
2025,2,54,0,17,Montaje,2,1,0,1,1,1,0,1,0,0,0
2025,2,21,1,1,Trabajo en altura,3,0,1,1,1,1,0,1,0,0,0
2025,2,38,0,12,Soldadura,3,0,0,1,1,1,0,1,0,0,0
2025,2,20,1,1,Montaje,3,0,0,1,1,1,0,1,0,0,0
2025,2,33,0,9,Montaje,3,0,0,0,0,1,0,1,0,0,0
2025,2,42,0,8,Corte y esmerilado,2,0,0,1,1,1,0,1,0,0,0
2025,2,18,1,2,Montaje,2,1,1,1,1,0,0,1,0,0,0
2025,2,27,0,5,Manipulación de perfiles,3,0,0,1,0,0,0,1,1,0,1
2025,2,20,1,1,Corte y esmerilado,3,0,0,1,1,1,1,1,0,0,0
2025,2,37,0,13,Montaje,3,0,1,1,1,0,0,1,0,0,0
2025,2,42,0,5,Trabajo en altura,2,0,1,1,1,1,0,1,1,0,1
2025,2,53,0,7,Trabajo en altura,2,0,0,1,1,1,0,1,0,0,0
2025,2,18,1,2,Corte y esmerilado,2,0,0,0,1,1,0,1,0,0,0
2025,2,24,1,1,Manipulación de perfiles,1,0,0,1,1,1,1,1,0,0,0
2025,2,55,0,14,Corte y esmerilado,1,0,0,1,1,1,0,1,0,0,0
2025,2,44,0,17,Trabajo en altura,3,0,1,0,0,1,0,1,0,0,0
2025,2,20,1,2,Corte y esmerilado,2,1,0,1,1,1,0,1,0,0,0
2025,2,19,1,1,Manipulación de perfiles,3,0,0,1,1,1,0,1,0,0,0
2025,2,19,1,2,Corte y esmerilado,1,0,0,1,1,1,0,1,0,0,0
2025,2,23,1,0,Manipulación de perfiles,1,0,1,1,1,1,0,1,0,0,0
2025,2,24,1,1,Montaje,2,1,0,1,1,0,0,1,0,0,0
2025,2,18,1,0,Manipulación de perfiles,1,0,0,1,1,1,0,1,0,0,0
2025,2,30,0,6,Montaje,3,0,0,1,1,1,0,1,0,0,0
2025,2,22,1,2,Manipulación de perfiles,1,0,0,1,1,1,0,1,0,0,0
2025,2,56,0,3,Soldadura,1,0,0,1,0,1,0,1,0,0,0
2025,2,18,1,1,Soldadura,1,0,0,1,0,0,0,1,0,0,0
2025,2,56,0,5,Montaje,1,0,0,1,1,0,0,1,0,0,0
2025,2,22,1,1,Corte y esmerilado,2,1,0,1,1,1,1,1,0,0,0
2025,2,20,1,1,Soldadura,3,0,0,1,0,1,1,1,0,0,0
2025,2,36,0,1,Manipulación de perfiles,1,0,0,1,0,1,1,1,0,0,0
2025,2,22,1,0,Montaje,3,0,0,0,1,1,0,1,0,0,0
2025,3,23,1,0,Soldadura,2,1,0,1,1,1,1,0,0,0,0
2025,3,25,0,16,Trabajo en altura,1,1,1,1,1,1,0,0,0,0,0
2025,3,23,1,0,Soldadura,3,0,0,1,1,1,0,0,0,0,0
2025,3,20,1,1,Montaje,1,0,0,1,0,0,0,0,0,0,0
2025,3,21,1,1,Montaje,1,0,0,1,1,1,0,0,0,0,0
2025,3,22,1,0,Soldadura,1,0,1,1,1,1,0,0,0,0,0
2025,3,54,0,17,Trabajo en altura,1,0,0,1,1,1,0,0,0,0,0
2025,3,22,1,2,Manipulación de perfiles,2,0,1,1,1,1,0,0,0,0,0
2025,3,40,0,14,Manipulación de perfiles,2,0,0,1,1,1,0,0,0,0,0
2025,3,18,1,1,Corte y esmerilado,1,0,0,1,1,1,0,0,0,0,0
2025,3,18,1,2,Manipulación de perfiles,3,0,0,1,1,1,0,0,1,1,0
2025,3,21,1,0,Corte y esmerilado,2,0,1,1,1,0,0,0,0,0,0
2025,3,21,1,1,Corte y esmerilado,3,0,1,1,1,1,0,0,0,0,0
2025,3,38,0,1,Corte y esmerilado,3,0,0,1,1,1,0,0,0,0,0
2025,3,51,0,14,Trabajo en altura,1,0,0,1,1,0,0,0,0,0,0
2025,3,24,1,2,Soldadura,1,0,0,1,1,0,0,0,0,0,0
2025,3,24,1,2,Corte y esmerilado,1,0,1,1,0,1,0,0,0,0,0
2025,3,19,1,1,Soldadura,3,0,0,0,1,1,0,0,0,0,0
2025,3,19,1,1,Montaje,2,0,0,1,0,1,0,0,0,0,0
2025,3,23,1,2,Manipulación de perfiles,3,0,0,1,1,1,1,0,0,0,0
2025,3,51,0,2,Trabajo en altura,3,0,0,1,1,1,0,0,0,0,0
2025,3,18,1,1,Montaje,2,0,0,1,1,1,0,0,0,0,0
2025,3,48,0,2,Manipulación de perfiles,1,0,0,1,1,1,0,0,0,0,0
2025,3,20,1,2,Manipulación de perfiles,2,0,0,1,1,1,0,0,0,0,0
2025,3,35,0,3,Montaje,1,0,1,1,1,0,0,0,0,0,0
2025,3,48,0,8,Montaje,2,0,1,1,1,1,0,0,0,0,0
2025,3,24,1,1,Montaje,2,0,0,1,1,0,0,0,0,0,0
2025,3,19,1,2,Trabajo en altura,2,0,0,1,1,0,0,0,0,0,0
2025,3,35,0,16,Manipulación de perfiles,1,0,0,0,1,1,0,0,0,0,0
2025,3,46,0,16,Manipulación de perfiles,3,0,0,1,1,1,0,0,0,0,0
2025,3,35,0,7,Soldadura,1,0,0,1,1,1,0,0,0,0,0
2025,3,47,0,15,Soldadura,3,0,0,1,1,1,0,0,0,0,0
2025,3,21,1,0,Trabajo en altura,3,0,1,1,1,1,0,0,0,0,0
2025,3,21,1,2,Manipulación de perfiles,3,0,0,0,1,1,0,0,0,0,0
2025,3,36,0,14,Montaje,2,0,1,1,1,0,0,0,0,0,0
2025,3,30,0,5,Trabajo en altura,2,0,0,1,1,1,0,0,0,0,0
2025,3,21,1,0,Soldadura,3,0,1,1,1,1,0,0,0,0,0
2025,3,18,1,2,Montaje,3,1,0,1,1,1,1,0,0,0,0
2025,3,29,0,11,Trabajo en altura,3,0,0,1,1,1,0,0,0,0,0
2025,3,48,0,13,Trabajo en altura,1,0,0,1,1,1,0,0,0,0,0
2025,4,47,0,14,Soldadura,3,0,1,1,1,0,0,0,0,0,0
2025,4,20,1,1,Montaje,1,0,0,1,0,1,1,0,0,0,0
2025,4,22,1,0,Corte y esmerilado,1,0,0,1,1,0,1,0,0,0,0
2025,4,57,0,1,Corte y esmerilado,1,0,0,1,0,1,0,0,0,0,0
2025,4,38,0,15,Soldadura,1,1,0,1,1,0,0,0,0,0,0
2025,4,24,1,2,Trabajo en altura,1,0,0,0,1,1,0,0,0,0,0
2025,4,57,0,5,Corte y esmerilado,2,0,0,1,1,1,0,0,0,0,0
2025,4,57,0,6,Montaje,3,0,0,1,1,1,0,0,0,0,0
2025,4,55,0,5,Montaje,1,0,0,0,0,1,0,0,0,0,0
2025,4,31,0,2,Manipulación de perfiles,3,1,1,1,1,0,0,0,0,0,0
2025,4,23,1,0,Soldadura,3,1,0,1,1,1,0,0,0,0,0
2025,4,19,1,2,Soldadura,1,0,0,1,1,1,1,0,0,0,0
2025,4,20,1,0,Corte y esmerilado,3,0,0,0,1,0,0,0,0,0,0
2025,4,19,1,2,Montaje,2,0,0,1,1,1,0,0,0,0,0
2025,4,57,0,15,Soldadura,2,0,0,0,1,1,0,0,0,0,0
2025,4,56,0,10,Trabajo en altura,2,0,1,1,1,1,0,0,0,0,0
2025,4,23,1,2,Corte y esmerilado,3,0,0,1,1,1,0,0,0,0,0
2025,4,20,1,0,Trabajo en altura,2,0,0,1,1,0,0,0,0,0,0
2025,4,20,1,0,Trabajo en altura,1,0,0,1,1,1,0,0,0,0,0
2025,4,41,0,13,Trabajo en altura,3,1,0,1,0,0,0,0,0,0,0
2025,4,21,1,1,Corte y esmerilado,2,0,1,1,1,0,0,0,0,0,0
2025,4,21,1,0,Soldadura,3,0,0,1,1,1,0,0,0,0,0
2025,4,26,0,11,Manipulación de perfiles,1,0,0,1,1,1,0,0,0,0,0
2025,4,24,1,2,Soldadura,3,0,0,0,0,1,0,0,0,0,0
2025,4,21,1,2,Trabajo en altura,3,1,0,1,1,1,0,0,0,0,0
2025,4,51,0,17,Montaje,2,0,0,1,1,1,0,0,0,0,0
2025,4,26,0,9,Soldadura,3,0,0,1,0,1,0,0,0,0,0
2025,4,22,1,0,Soldadura,2,0,0,1,1,1,0,0,0,0,0
2025,4,24,1,2,Manipulación de perfiles,2,0,0,1,1,1,0,0,0,0,0
2025,4,57,0,10,Montaje,1,0,0,1,1,1,0,0,0,0,0
2025,4,33,0,4,Montaje,3,0,1,1,1,1,1,0,0,0,0
2025,4,34,0,4,Trabajo en altura,1,0,1,1,1,0,0,0,0,0,0
2025,4,21,1,1,Montaje,3,0,0,1,1,1,0,0,0,0,0
2025,4,22,1,0,Montaje,3,0,0,1,1,1,0,0,0,0,0
2025,4,21,1,0,Corte y esmerilado,2,0,1,1,1,0,0,0,0,0,0
2025,4,24,1,2,Montaje,3,0,0,1,1,1,0,0,0,0,0
2025,4,18,1,2,Manipulación de perfiles,1,0,0,1,1,1,0,0,0,0,0
2025,4,20,1,0,Manipulación de perfiles,1,0,0,1,1,0,0,0,0,0,0
2025,4,19,1,2,Corte y esmerilado,1,0,0,1,1,1,0,0,0,0,0
2025,4,36,0,14,Trabajo en altura,3,0,0,1,1,1,0,0,0,0,0
2025,5,39,0,16,Manipulación de perfiles,1,0,0,0,1,1,0,0,0,0,0
2025,5,30,0,12,Soldadura,2,0,0,1,1,1,0,0,0,0,0
2025,5,51,0,15,Corte y esmerilado,2,0,0,1,1,1,1,0,0,0,0
2025,5,19,1,1,Trabajo en altura,2,0,1,1,0,1,0,0,0,0,0
2025,5,20,1,2,Montaje,3,0,1,1,0,1,0,0,0,0,0
2025,5,24,1,1,Soldadura,2,0,0,0,0,1,0,0,0,0,0
2025,5,25,0,2,Trabajo en altura,3,0,0,1,0,1,0,0,0,0,0
2025,5,23,1,0,Montaje,3,0,0,1,1,1,1,0,0,0,0
2025,5,45,0,9,Trabajo en altura,2,0,0,1,1,1,0,0,0,0,0
2025,5,20,1,2,Manipulación de perfiles,1,0,0,1,1,1,0,0,0,0,0
2025,5,23,1,0,Montaje,1,0,0,1,1,1,1,0,0,0,0
2025,5,29,0,12,Montaje,1,1,0,1,1,1,0,0,0,0,0
2025,5,20,1,0,Manipulación de perfiles,3,0,0,1,1,1,0,0,0,0,0
2025,5,55,0,6,Trabajo en altura,1,0,1,1,1,1,0,0,0,0,0
2025,5,24,1,1,Trabajo en altura,2,0,0,1,1,1,0,0,0,0,0
2025,5,20,1,1,Corte y esmerilado,1,0,0,1,1,1,0,0,0,0,0
2025,5,40,0,14,Montaje,2,1,0,1,1,1,0,0,0,0,0
2025,5,36,0,5,Montaje,3,0,0,1,1,1,0,0,0,0,0
2025,5,18,1,0,Montaje,1,0,1,1,1,1,1,0,0,0,0
2025,5,20,1,1,Trabajo en altura,2,1,0,1,1,0,0,0,0,0,0
2025,5,40,0,13,Trabajo en altura,3,0,0,1,1,0,1,0,0,0,0
2025,5,19,1,0,Trabajo en altura,3,0,0,1,1,1,0,0,0,0,0
2025,5,36,0,8,Montaje,3,0,0,1,1,1,0,0,0,0,0
2025,5,43,0,1,Corte y esmerilado,1,0,0,1,1,0,0,0,0,0,0
2025,5,18,1,2,Soldadura,1,0,0,0,1,0,0,0,0,0,0
2025,5,24,1,2,Manipulación de perfiles,1,1,0,1,1,1,1,0,0,0,0
2025,5,29,0,9,Manipulación de perfiles,2,1,0,1,0,1,0,0,0,0,0
2025,5,24,1,0,Soldadura,1,0,1,1,1,1,0,0,0,0,0
2025,5,39,0,4,Manipulación de perfiles,2,0,1,1,1,0,0,0,0,0,0
2025,5,48,0,13,Manipulación de perfiles,1,0,0,1,1,1,0,0,0,0,0
2025,5,23,1,1,Manipulación de perfiles,2,1,1,1,1,1,0,0,1,0,1
2025,5,55,0,7,Soldadura,1,0,0,1,1,1,0,0,0,0,0
2025,5,21,1,2,Manipulación de perfiles,3,0,0,0,0,1,0,0,0,0,0
2025,5,20,1,0,Manipulación de perfiles,1,0,0,1,1,1,0,0,0,0,0
2025,5,32,0,15,Soldadura,2,0,0,1,1,1,0,0,0,0,0
2025,5,49,0,1,Manipulación de perfiles,1,1,0,1,1,1,0,0,0,0,0
2025,5,22,1,1,Trabajo en altura,3,0,0,1,0,1,0,0,0,0,0
2025,5,20,1,0,Trabajo en altura,2,0,0,1,1,1,0,0,0,0,0
2025,5,24,1,0,Manipulación de perfiles,1,0,0,1,1,1,0,0,0,0,0
2025,5,37,0,13,Soldadura,3,0,1,1,1,1,0,0,0,0,0
2025,6,47,0,15,Soldadura,2,0,0,1,1,1,0,0,0,0,0
2025,6,18,1,0,Trabajo en altura,2,0,0,1,1,1,1,0,0,0,0
2025,6,27,0,8,Trabajo en altura,1,0,0,1,1,1,0,0,0,0,0
2025,6,19,1,1,Corte y esmerilado,2,0,0,1,1,1,0,0,0,0,0
2025,6,24,1,2,Soldadura,3,1,0,1,1,1,0,0,0,0,0
2025,6,32,0,9,Corte y esmerilado,2,0,0,1,1,1,0,0,0,0,0
2025,6,19,1,2,Trabajo en altura,2,0,0,1,1,1,0,0,0,0,0
2025,6,32,0,6,Montaje,2,0,1,1,1,1,1,0,0,0,0
2025,6,23,1,2,Corte y esmerilado,2,1,0,1,1,1,1,0,0,0,0
2025,6,43,0,16,Soldadura,2,0,0,1,1,1,0,0,0,0,0
2025,6,38,0,3,Manipulación de perfiles,1,0,0,1,0,0,1,0,0,0,0
2025,6,18,1,2,Manipulación de perfiles,2,0,0,1,1,1,1,0,0,0,0
2025,6,51,0,1,Manipulación de perfiles,3,0,0,1,1,1,0,0,0,0,0
2025,6,45,0,16,Montaje,2,0,1,1,1,1,1,0,0,0,0
2025,6,18,1,1,Soldadura,3,0,1,1,1,1,0,0,0,0,0
2025,6,36,0,14,Manipulación de perfiles,3,0,1,1,1,1,0,0,0,0,0
2025,6,27,0,4,Montaje,1,0,0,1,1,1,1,0,0,0,0
2025,6,45,0,1,Soldadura,3,0,0,0,1,1,0,0,0,0,0
2025,6,25,0,6,Montaje,3,1,0,1,1,1,0,0,0,0,0
2025,6,24,1,0,Soldadura,3,0,0,1,1,1,0,0,0,0,0
2025,6,54,0,7,Montaje,1,0,0,1,1,1,0,0,0,0,0
2025,6,18,1,2,Soldadura,1,0,1,1,0,1,1,0,1,0,1
2025,6,22,1,0,Montaje,1,1,0,1,1,1,1,0,0,0,0
2025,6,22,1,0,Manipulación de perfiles,3,0,0,1,1,1,0,0,0,0,0
2025,6,23,1,0,Manipulación de perfiles,2,0,1,1,1,1,0,0,0,0,0
2025,6,52,0,11,Montaje,1,0,0,1,1,1,0,0,0,0,0
2025,6,39,0,17,Montaje,3,1,0,1,1,0,0,0,0,0,0
2025,6,22,1,1,Manipulación de perfiles,2,0,0,1,1,1,0,0,0,0,0
2025,6,19,1,2,Soldadura,1,1,0,1,1,1,0,0,0,0,0
2025,6,55,0,15,Corte y esmerilado,3,0,0,1,0,1,1,0,0,0,0
2025,6,45,0,9,Trabajo en altura,2,0,0,1,1,1,0,0,0,0,0
2025,6,47,0,7,Trabajo en altura,1,0,0,1,1,1,0,0,0,0,0
2025,6,18,1,2,Manipulación de perfiles,1,0,0,1,1,1,0,0,0,0,0
2025,6,22,1,1,Montaje,1,0,0,1,1,0,0,0,0,0,0
2025,6,32,0,9,Soldadura,3,1,0,1,1,1,0,0,0,0,0
2025,6,26,0,6,Corte y esmerilado,3,0,0,0,1,1,0,0,0,0,0
2025,6,50,0,2,Trabajo en altura,1,0,0,0,1,1,0,0,0,0,0
2025,6,24,1,0,Soldadura,3,0,0,0,1,1,1,0,0,0,0
2025,6,56,0,17,Soldadura,2,0,0,1,1,1,0,0,0,0,0
2025,6,27,0,1,Corte y esmerilado,2,0,0,1,1,1,0,0,0,0,0
2025,7,24,1,1,Manipulación de perfiles,1,0,0,1,1,1,0,0,0,0,0
2025,7,23,1,2,Trabajo en altura,1,0,0,1,1,1,0,0,0,0,0
2025,7,56,0,17,Corte y esmerilado,3,0,0,1,1,0,0,0,0,0,0
2025,7,22,1,2,Manipulación de perfiles,3,0,1,1,1,1,1,0,1,0,1
2025,7,24,1,2,Trabajo en altura,3,0,0,1,1,1,0,0,0,0,0
2025,7,20,1,1,Manipulación de perfiles,1,0,0,1,1,1,0,0,0,0,0
2025,7,18,1,0,Corte y esmerilado,1,0,1,1,0,1,0,0,0,0,0
2025,7,52,0,2,Soldadura,1,0,1,1,1,1,0,0,0,0,0
2025,7,28,0,11,Corte y esmerilado,1,1,0,1,0,1,1,0,0,0,0
2025,7,22,1,1,Montaje,1,0,0,1,1,1,0,0,0,0,0
2025,7,23,1,0,Manipulación de perfiles,3,0,0,1,1,1,1,0,0,0,0
2025,7,32,0,11,Montaje,3,0,0,1,1,1,1,0,0,0,0
2025,7,27,0,14,Corte y esmerilado,2,1,0,1,1,1,0,0,0,0,0
2025,7,21,1,0,Trabajo en altura,2,0,1,0,1,1,0,0,0,0,0
2025,7,23,1,2,Manipulación de perfiles,1,0,0,1,1,1,0,0,0,0,0
2025,7,24,1,1,Soldadura,3,0,0,1,1,1,0,0,0,0,0
2025,7,57,0,2,Trabajo en altura,1,0,0,1,1,1,0,0,0,0,0
2025,7,33,0,12,Trabajo en altura,1,0,0,1,1,1,1,0,0,0,0
2025,7,46,0,15,Corte y esmerilado,1,0,0,1,1,1,0,0,0,0,0
2025,7,22,1,0,Trabajo en altura,3,0,0,1,1,1,0,0,1,1,0
2025,7,22,1,2,Manipulación de perfiles,1,0,0,1,1,1,1,0,0,0,0
2025,7,21,1,0,Corte y esmerilado,1,0,1,0,1,1,0,0,0,0,0
2025,7,56,0,16,Trabajo en altura,2,0,0,1,1,1,0,0,0,0,0
2025,7,40,0,13,Manipulación de perfiles,1,0,0,1,1,1,0,0,0,0,0
2025,7,49,0,12,Corte y esmerilado,3,1,0,1,1,1,0,0,0,0,0
2025,7,23,1,1,Trabajo en altura,2,0,0,1,1,1,1,0,1,1,0
2025,7,31,0,12,Corte y esmerilado,2,0,0,0,1,1,1,0,0,0,0
2025,7,18,1,2,Corte y esmerilado,1,0,0,1,1,1,0,0,0,0,0
2025,7,34,0,5,Soldadura,1,0,0,1,1,1,0,0,0,0,0
2025,7,20,1,2,Trabajo en altura,1,0,0,1,1,1,1,0,0,0,0
2025,7,45,0,6,Manipulación de perfiles,2,0,1,1,1,1,1,0,0,0,0
2025,7,21,1,1,Montaje,2,1,0,0,1,1,0,0,0,0,0
2025,7,32,0,10,Montaje,2,0,0,1,1,1,0,0,0,0,0
2025,7,54,0,14,Montaje,1,0,0,1,1,1,0,0,0,0,0
2025,7,28,0,2,Montaje,2,0,0,1,0,1,0,0,0,0,0
2025,7,23,1,0,Manipulación de perfiles,3,0,0,1,1,1,0,0,0,0,0
2025,7,54,0,12,Corte y esmerilado,3,0,1,1,1,1,0,0,0,0,0
2025,7,32,0,12,Manipulación de perfiles,3,0,0,1,1,0,0,0,0,0,0
2025,7,23,1,2,Corte y esmerilado,3,0,0,1,1,1,0,0,0,0,0
2025,7,55,0,11,Soldadura,2,0,0,1,1,1,0,0,0,0,0
2025,8,20,1,2,Corte y esmerilado,2,0,0,1,1,0,0,0,0,0,0
2025,8,22,1,1,Manipulación de perfiles,1,0,0,1,1,1,1,0,0,0,0
2025,8,30,0,2,Soldadura,1,0,1,1,1,1,0,0,0,0,0
2025,8,30,0,16,Soldadura,2,0,1,1,1,1,0,0,1,0,1
2025,8,24,1,0,Manipulación de perfiles,2,0,1,1,0,1,0,0,0,0,0
2025,8,52,0,13,Montaje,2,0,0,0,0,1,0,0,0,0,0
2025,8,45,0,8,Soldadura,3,0,1,1,0,0,0,0,0,0,0
2025,8,28,0,9,Corte y esmerilado,3,0,0,1,1,0,1,0,1,0,1
2025,8,21,1,0,Montaje,3,0,0,1,1,0,1,0,0,0,0
2025,8,22,1,0,Manipulación de perfiles,3,0,0,1,1,1,0,0,1,0,1
2025,8,22,1,0,Montaje,1,0,0,1,1,1,1,0,0,0,0
2025,8,23,1,1,Trabajo en altura,2,0,0,1,1,1,0,0,0,0,0
2025,8,19,1,2,Trabajo en altura,3,0,0,0,0,0,1,0,0,0,0
2025,8,27,0,14,Montaje,3,0,0,1,1,1,0,0,0,0,0
2025,8,32,0,5,Trabajo en altura,1,0,1,1,1,1,0,0,0,0,0
2025,8,42,0,13,Soldadura,3,0,1,1,1,1,0,0,0,0,0
2025,8,22,1,0,Montaje,1,0,0,1,1,1,0,0,0,0,0
2025,8,42,0,15,Corte y esmerilado,1,0,1,1,1,1,0,0,0,0,0
2025,8,20,1,2,Trabajo en altura,3,1,1,1,1,1,1,0,1,0,1
2025,8,46,0,1,Soldadura,3,0,0,1,1,1,0,0,0,0,0
2025,8,57,0,16,Soldadura,3,0,0,1,1,1,1,0,0,0,0
2025,8,19,1,2,Corte y esmerilado,3,0,0,1,1,1,0,0,0,0,0
2025,8,19,1,0,Soldadura,3,0,0,1,1,1,0,0,0,0,0
2025,8,19,1,0,Soldadura,1,0,0,1,1,1,0,0,0,0,0
2025,8,52,0,5,Montaje,1,0,0,1,0,1,1,0,0,0,0
2025,8,20,1,2,Trabajo en altura,1,0,0,1,0,0,0,0,0,0,0
2025,8,23,1,0,Soldadura,3,0,0,1,0,0,0,0,0,0,0
2025,8,20,1,1,Soldadura,2,1,0,1,1,1,0,0,0,0,0
2025,8,56,0,15,Montaje,1,0,0,1,1,1,1,0,0,0,0
2025,8,21,1,2,Trabajo en altura,1,0,1,1,1,0,0,0,0,0,0
2025,8,18,1,2,Corte y esmerilado,3,0,0,1,1,1,0,0,0,0,0
2025,8,29,0,9,Trabajo en altura,1,0,0,1,1,1,0,0,0,0,0
2025,8,32,0,5,Manipulación de perfiles,1,1,0,1,0,1,0,0,0,0,0
2025,8,22,1,2,Manipulación de perfiles,1,0,0,1,1,1,0,0,0,0,0
2025,8,23,1,2,Montaje,3,0,1,0,1,1,0,0,0,0,0
2025,8,37,0,17,Trabajo en altura,2,0,1,1,1,0,1,0,0,0,0
2025,8,23,1,2,Manipulación de perfiles,3,0,0,1,1,0,0,0,0,0,0
2025,8,40,0,10,Soldadura,1,0,0,1,1,1,0,0,0,0,0
2025,8,21,1,0,Montaje,1,1,1,1,1,1,0,0,0,0,0
2025,8,18,1,2,Soldadura,3,0,0,1,1,1,0,0,0,0,0
2025,9,49,0,12,Manipulación de perfiles,3,1,1,0,1,1,0,0,1,0,1
2025,9,18,1,2,Soldadura,2,0,0,0,1,1,0,0,0,0,0
2025,9,22,1,1,Soldadura,2,0,0,1,1,1,0,0,0,0,0
2025,9,19,1,0,Trabajo en altura,1,0,0,1,1,1,1,0,1,0,1
2025,9,34,0,11,Montaje,1,0,0,1,1,1,0,0,0,0,0
2025,9,49,0,9,Corte y esmerilado,1,0,0,1,1,1,0,0,0,0,0
2025,9,23,1,2,Trabajo en altura,1,0,1,1,1,1,0,0,0,0,0
2025,9,29,0,17,Trabajo en altura,1,0,0,1,1,1,0,0,0,0,0
2025,9,36,0,16,Corte y esmerilado,3,0,0,1,1,1,0,0,0,0,0
2025,9,47,0,15,Corte y esmerilado,3,1,0,1,1,0,0,0,0,0,0
2025,9,29,0,3,Corte y esmerilado,2,0,0,1,1,1,0,0,0,0,0
2025,9,35,0,5,Montaje,3,0,1,1,1,1,1,0,0,0,0
2025,9,18,1,0,Soldadura,1,1,0,1,1,1,0,0,0,0,0
2025,9,54,0,2,Manipulación de perfiles,1,0,1,1,1,1,0,0,0,0,0
2025,9,52,0,4,Trabajo en altura,2,0,0,1,1,1,0,0,0,0,0
2025,9,24,1,0,Soldadura,3,0,1,1,1,1,0,0,0,0,0
2025,9,47,0,13,Trabajo en altura,1,0,0,1,1,1,0,0,0,0,0
2025,9,20,1,0,Montaje,3,0,0,1,0,1,1,0,0,0,0
2025,9,25,0,5,Soldadura,2,0,0,1,0,0,0,0,0,0,0
2025,9,29,0,2,Trabajo en altura,2,0,0,1,0,1,0,0,0,0,0
2025,9,19,1,1,Trabajo en altura,1,0,0,1,1,1,1,0,0,0,0
2025,9,35,0,13,Soldadura,3,0,0,1,0,1,0,0,1,0,1
2025,9,24,1,0,Corte y esmerilado,1,0,1,1,1,1,0,0,0,0,0
2025,9,20,1,1,Soldadura,2,0,0,1,1,1,0,0,0,0,0
2025,9,54,0,7,Montaje,1,1,0,1,1,1,0,0,0,0,0
2025,9,32,0,2,Manipulación de perfiles,2,0,0,1,1,0,0,0,0,0,0
2025,9,40,0,17,Corte y esmerilado,2,0,0,1,1,1,1,0,0,0,0
2025,9,21,1,0,Soldadura,3,1,0,1,1,1,0,0,0,0,0
2025,9,48,0,9,Soldadura,3,0,0,1,1,1,0,0,0,0,0
2025,9,47,0,11,Trabajo en altura,1,0,0,1,1,1,0,0,0,0,0
2025,9,23,1,1,Trabajo en altura,1,0,0,1,1,1,1,0,0,0,0
2025,9,21,1,0,Montaje,3,0,0,1,1,1,0,0,0,0,0
2025,9,23,1,1,Corte y esmerilado,3,0,0,1,1,1,0,0,0,0,0
2025,9,34,0,16,Manipulación de perfiles,2,0,1,1,1,1,0,0,0,0,0
2025,9,25,0,6,Corte y esmerilado,2,0,0,1,1,1,0,0,0,0,0
2025,9,47,0,8,Manipulación de perfiles,1,0,0,1,1,1,0,0,0,0,0
2025,9,47,0,2,Soldadura,3,0,1,1,1,1,0,0,0,0,0
2025,9,45,0,6,Montaje,1,0,1,1,1,1,0,0,0,0,0
2025,9,41,0,10,Manipulación de perfiles,2,0,0,1,1,0,0,0,0,0,0
2025,9,40,0,15,Manipulación de perfiles,3,1,0,1,1,1,0,0,0,0,0
2025,10,18,1,0,Trabajo en altura,1,0,1,1,1,1,0,0,0,0,0
2025,10,22,1,2,Montaje,1,0,0,1,1,1,0,0,0,0,0
2025,10,39,0,2,Trabajo en altura,1,0,0,1,1,1,1,0,0,0,0
2025,10,55,0,6,Soldadura,1,0,0,0,1,0,0,0,0,0,0
2025,10,21,1,0,Manipulación de perfiles,3,0,1,1,1,0,0,0,0,0,0
2025,10,24,1,1,Montaje,1,0,0,1,1,1,1,0,0,0,0
2025,10,33,0,8,Montaje,2,1,1,1,1,0,1,0,1,0,1
2025,10,42,0,3,Soldadura,1,1,1,1,1,1,0,0,1,0,1
2025,10,38,0,5,Trabajo en altura,2,0,1,1,1,1,0,0,0,0,0
2025,10,32,0,16,Soldadura,1,0,1,1,1,1,0,0,0,0,0
2025,10,24,1,1,Corte y esmerilado,2,0,0,1,1,1,0,0,0,0,0
2025,10,29,0,16,Trabajo en altura,1,1,0,1,1,1,0,0,0,0,0
2025,10,18,1,0,Manipulación de perfiles,1,1,0,1,1,1,0,0,0,0,0
2025,10,53,0,6,Soldadura,3,0,1,1,1,1,0,0,0,0,0
2025,10,56,0,15,Corte y esmerilado,1,0,0,1,0,1,0,0,0,0,0
2025,10,25,0,11,Corte y esmerilado,1,0,0,1,1,0,0,0,0,0,0
2025,10,38,0,14,Corte y esmerilado,3,0,0,1,1,1,0,0,0,0,0
2025,10,18,1,1,Montaje,1,0,0,1,1,1,0,0,0,0,0
2025,10,25,0,12,Corte y esmerilado,2,0,1,1,1,1,0,0,0,0,0
2025,10,37,0,6,Corte y esmerilado,3,1,0,1,1,1,0,0,0,0,0
2025,10,24,1,1,Trabajo en altura,1,1,0,1,1,1,1,0,0,0,0
2025,10,24,1,1,Manipulación de perfiles,2,1,1,1,1,0,0,0,0,0,0
2025,10,19,1,0,Trabajo en altura,3,1,0,1,1,1,0,0,0,0,0
2025,10,34,0,10,Montaje,2,0,0,1,1,1,0,0,0,0,0
2025,10,44,0,3,Montaje,3,0,0,1,1,1,1,0,0,0,0
2025,10,35,0,3,Montaje,1,0,0,1,1,0,0,0,0,0,0
2025,10,57,0,4,Trabajo en altura,1,1,0,1,1,1,0,0,0,0,0
2025,10,24,1,0,Manipulación de perfiles,3,0,1,1,1,0,0,0,0,0,0
2025,10,27,0,6,Trabajo en altura,2,0,1,1,1,1,0,0,0,0,0
2025,10,19,1,2,Soldadura,1,1,0,1,1,1,0,0,0,0,0
2025,10,22,1,0,Manipulación de perfiles,3,0,0,1,1,1,0,0,0,0,0
2025,10,23,1,0,Montaje,2,0,0,0,1,1,1,0,0,0,0
2025,10,46,0,17,Manipulación de perfiles,1,0,0,1,1,1,0,0,0,0,0
2025,10,52,0,17,Soldadura,2,0,0,1,1,1,0,0,0,0,0
2025,10,42,0,16,Corte y esmerilado,2,0,0,1,1,1,0,0,0,0,0
2025,10,30,0,16,Manipulación de perfiles,1,0,0,1,1,1,0,0,0,0,0
2025,10,20,1,0,Manipulación de perfiles,1,0,0,1,1,1,1,0,0,0,0
2025,10,55,0,3,Trabajo en altura,3,1,0,1,1,1,0,0,0,0,0
2025,10,19,1,2,Trabajo en altura,3,0,0,1,1,0,1,0,0,0,0
2025,10,37,0,1,Trabajo en altura,2,0,0,1,1,1,1,0,0,0,0
2025,11,23,1,0,Corte y esmerilado,2,0,0,1,1,1,0,1,0,0,0
2025,11,21,1,1,Montaje,2,0,0,1,1,1,0,1,0,0,0
2025,11,22,1,2,Montaje,3,0,0,1,1,1,1,1,0,0,0
2025,11,41,0,13,Montaje,2,1,0,1,1,1,0,1,0,0,0
2025,11,47,0,1,Trabajo en altura,2,0,0,1,1,1,0,1,0,0,0
2025,11,56,0,16,Soldadura,2,0,0,1,1,1,0,1,0,0,0
2025,11,56,0,5,Montaje,3,1,0,1,1,1,0,1,0,0,0
2025,11,23,1,2,Manipulación de perfiles,2,0,0,1,1,1,0,1,0,0,0
2025,11,44,0,5,Montaje,1,0,0,1,1,1,0,1,1,0,1
2025,11,21,1,2,Corte y esmerilado,2,1,0,1,1,1,0,1,0,0,0
2025,11,19,1,0,Manipulación de perfiles,1,0,0,1,1,1,0,1,0,0,0
2025,11,54,0,15,Montaje,3,0,0,1,1,1,0,1,0,0,0
2025,11,47,0,1,Manipulación de perfiles,3,1,0,1,1,1,1,1,0,0,0
2025,11,19,1,2,Manipulación de perfiles,1,0,0,1,1,1,0,1,0,0,0
2025,11,22,1,2,Corte y esmerilado,3,1,0,1,1,1,1,1,0,0,0
2025,11,26,0,16,Corte y esmerilado,2,0,0,1,1,1,0,1,0,0,0
2025,11,21,1,0,Trabajo en altura,2,1,0,1,1,1,1,1,0,0,0
2025,11,38,0,9,Trabajo en altura,2,0,0,1,1,0,0,1,1,0,1
2025,11,23,1,0,Montaje,2,0,0,1,1,1,1,1,0,0,0
2025,11,54,0,1,Corte y esmerilado,3,0,0,1,1,1,0,1,1,1,0
2025,11,22,1,2,Corte y esmerilado,3,0,0,1,1,1,0,1,0,0,0
2025,11,39,0,5,Manipulación de perfiles,1,1,0,0,1,1,0,1,0,0,0
2025,11,22,1,1,Trabajo en altura,2,0,0,1,1,1,0,1,0,0,0
2025,11,23,1,2,Montaje,3,0,0,1,1,1,0,1,0,0,0
2025,11,24,1,1,Corte y esmerilado,1,0,0,1,1,1,1,1,0,0,0
2025,11,20,1,0,Trabajo en altura,3,1,1,1,1,1,0,1,0,0,0
2025,11,18,1,2,Soldadura,2,0,0,1,0,1,0,1,0,0,0
2025,11,22,1,2,Corte y esmerilado,3,0,0,1,1,1,0,1,0,0,0
2025,11,22,1,2,Montaje,1,0,1,1,1,1,0,1,0,0,0
2025,11,56,0,1,Soldadura,2,1,0,1,1,1,0,1,0,0,0
2025,11,53,0,14,Soldadura,2,0,1,1,1,1,0,1,0,0,0
2025,11,19,1,0,Manipulación de perfiles,1,0,1,1,1,0,0,1,0,0,0
2025,11,18,1,2,Montaje,2,0,0,1,1,1,0,1,0,0,0
2025,11,36,0,11,Trabajo en altura,3,0,1,1,0,1,0,1,1,0,1
2025,11,54,0,14,Trabajo en altura,2,0,0,1,0,1,0,1,0,0,0
2025,11,55,0,1,Corte y esmerilado,2,0,0,1,1,1,0,1,0,0,0
2025,11,18,1,1,Soldadura,3,0,0,1,1,1,0,1,0,0,0
2025,11,20,1,2,Montaje,2,1,1,1,1,1,0,1,0,0,0
2025,11,23,1,1,Corte y esmerilado,3,0,0,1,1,1,0,1,0,0,0
2025,11,44,0,4,Manipulación de perfiles,1,0,1,1,1,1,0,1,0,0,0
2025,12,39,0,17,Manipulación de perfiles,1,1,0,1,1,1,0,1,0,0,0
2025,12,19,1,2,Corte y esmerilado,1,0,0,1,1,1,0,1,0,0,0
2025,12,24,1,2,Manipulación de perfiles,3,0,1,1,1,1,0,1,0,0,0
2025,12,30,0,4,Montaje,1,0,0,1,1,1,0,1,0,0,0
2025,12,27,0,11,Corte y esmerilado,3,0,0,1,1,1,1,1,0,0,0
2025,12,22,1,0,Soldadura,3,0,0,1,1,1,1,1,0,0,0
2025,12,24,1,2,Corte y esmerilado,2,0,0,1,1,1,0,1,0,0,0
2025,12,33,0,4,Corte y esmerilado,2,0,0,1,1,1,0,1,0,0,0
2025,12,21,1,1,Soldadura,1,0,0,1,1,1,0,1,0,0,0
2025,12,20,1,2,Montaje,1,0,0,1,1,1,0,1,0,0,0
2025,12,41,0,17,Manipulación de perfiles,3,0,0,1,1,1,1,1,0,0,0
2025,12,22,1,1,Montaje,1,0,0,1,1,1,0,1,0,0,0
2025,12,22,1,0,Soldadura,2,0,1,1,0,1,1,1,0,0,0
2025,12,24,1,0,Trabajo en altura,3,0,0,1,0,1,0,1,0,0,0
2025,12,39,0,13,Montaje,3,0,0,1,1,1,1,1,0,0,0
2025,12,23,1,0,Montaje,1,1,0,1,1,1,0,1,0,0,0
2025,12,49,0,5,Manipulación de perfiles,3,0,0,1,1,1,0,1,0,0,0
2025,12,22,1,0,Trabajo en altura,1,1,0,1,0,1,0,1,0,0,0
2025,12,47,0,17,Trabajo en altura,3,0,0,1,1,1,0,1,0,0,0
2025,12,22,1,2,Manipulación de perfiles,3,0,0,1,1,1,0,1,0,0,0
2025,12,52,0,5,Soldadura,2,0,1,1,1,1,1,1,0,0,0
2025,12,20,1,1,Trabajo en altura,1,0,0,1,1,1,0,1,0,0,0
2025,12,36,0,7,Corte y esmerilado,3,0,0,1,1,1,0,1,0,0,0
2025,12,37,0,10,Corte y esmerilado,1,0,0,1,1,1,0,1,0,0,0
2025,12,28,0,1,Soldadura,2,1,0,1,1,1,0,1,0,0,0
2025,12,23,1,2,Montaje,2,0,1,0,1,1,0,1,0,0,0
2025,12,22,1,1,Montaje,2,0,0,1,1,0,0,1,0,0,0
2025,12,19,1,0,Trabajo en altura,2,0,0,1,1,1,0,1,1,1,0
2025,12,48,0,3,Montaje,3,0,0,1,1,1,0,1,0,0,0
2025,12,18,1,1,Montaje,1,1,0,0,1,0,0,1,0,0,0
2025,12,18,1,0,Trabajo en altura,2,0,0,1,1,1,0,1,0,0,0
2025,12,51,0,10,Corte y esmerilado,1,1,0,1,1,1,0,1,0,0,0
2025,12,18,1,1,Soldadura,1,0,0,1,1,1,0,1,0,0,0
2025,12,39,0,3,Montaje,3,0,0,1,1,1,0,1,0,0,0
2025,12,18,1,1,Trabajo en altura,1,0,1,1,1,1,0,1,0,0,0
2025,12,40,0,12,Trabajo en altura,3,0,1,1,1,1,0,1,0,0,0
2025,12,20,1,0,Manipulación de perfiles,2,0,0,1,1,1,0,1,0,0,0
2025,12,21,1,1,Manipulación de perfiles,3,0,0,1,1,1,0,1,0,0,0
2025,12,32,0,3,Montaje,2,0,0,1,1,0,0,1,0,0,0
2025,12,28,0,17,Manipulación de perfiles,2,0,0,1,1,1,0,1,0,0,0
